"gene","CCD/HD log2 fold-change","CCD/HD p-value","CCD/HD FDR","0-90d CCD/HD log2 fold-change","0-90d CCD/HD p-value","0-90d CCD/HD FDR","90-120d CCD/HD log2 fold-change","90-120d CCD/HD p-value","90-120d CCD/HD FDR","120-150d CCD/HD log2 fold-change","120-150d CCD/HD p-value","120-150d CCD/HD FDR","150-360d CCD/HD log2 fold-change","150-360d CCD/HD p-value","150-360d CCD/HD FDR","time log2 fold-change","time p-value","time FDR","moderate/mild log2 fold change","moderate/mild p-value","moderate/mild fdr","severe/mild log2 fold change","severe/mild p-value","severe/mild fdr","MILD/healthy log2 fold change","MILD/healthy p-value","MILD/healthy FDR","MODERATE/healthy log2 fold change","MODERATE/healthy p-value","MODERATE/healthy FDR","SEVERE/healthy log2 fold change","SEVERE/healthy p-value","SEVERE/healthy FDR","sex M/F log2 fold-change","sex p-value","sex FDR","Age log2 fold change per year","Age p-value","Age FDR","Race p-value","Race FDR","neutralizing ab > 0 log2 fold-change","neutralizing ab > 0 p-value","neutralizing ab > 0 FDR","ortho ab > 12 log2 fold-change","ortho ab > 12 p-value","ortho ab > 12 FDR","TCR log2 fold-change","TCR p-value","TCR FDR"
"TRBC1.2_ENST00000466254.1",0.33387806099144,0.0108454755254514,0.0341796804438469,0.432079989226231,0.000213953992938167,0.00123617862586496,-0.0363425770259761,0.822209672268093,0.996470134738779,0.213261717600306,0.169232266130649,0.345101091717403,0.56228155046,5.86287067797591e-05,0.00043552753607821,0.00019114434945657,0.859989968127467,0.963852886263489,-0.231091414318007,0.378044760275046,0.638803860655965,0.151452212396554,0.732553945703769,0.984954128501621,0.343509493870268,0.0052913459231421,0.0177516121292509,0.311144920342308,0.0161119984458752,0.0478756525248864,0.316173959630207,0.0154205644694688,0.0453498768123194,-0.263070367863466,0.00168435448340396,0.00789585523495288,-0.0069983075728783,0.0135635680400703,0.0643104392031956,0.0515968565466033,0.11417176767759,0.0552324121497144,0.63903233167643,0.987019846950917,-0.0962037179916463,0.326411374259643,0.652822748519285,-1.56768554855461,0.0040640292881163,0.0704431743273493
"TRAV25_TCRVA_033.1",0.413936845004137,0.00476905920421989,0.026123098477537,0.527386132216353,0.000587956581667705,0.00218383873190862,0.0455395106061632,0.804786592358461,0.996470134738779,0.285888620026786,0.121861391254142,0.320934547472275,0.673490105415172,4.79093712830144e-05,0.000415214551119458,0.00099272876777101,0.408612425737751,0.963852886263489,-0.137938981824685,0.628716342592152,0.765543879568724,0.283352405129773,0.557362590042328,0.984954128501621,0.432545630718628,0.00219778608580645,0.0126983196068817,0.378820434009353,0.00956738677750382,0.0478756525248864,0.396665347541952,0.00649285316041607,0.0375142627046262,-0.226525799291905,0.0190786531080325,0.0346204018671125,-0.00503088365324622,0.12383951906817,0.254851972991577,0.0319666324450632,0.0874876256391204,0.0233697984688798,0.860047619113744,0.987019846950917,-0.149330347164868,0.204659403716214,0.620173586097064,-0.333300571959326,0.596616646395902,0.954144819440944
"TRBV11.1_TCRVB_029.1",0.242003573964197,0.171833371392556,0.212746078866973,0.267657007085958,0.174081241901943,0.203420777053956,-0.120057429807504,0.59720839381645,0.996470134738779,0.17756827912009,0.368630099817505,0.518074734878656,0.392452282786135,0.06168389559888,0.0782332334424819,-0.000564635059600595,0.68492958506245,0.963852886263489,-0.231931662901472,0.508156031495195,0.686340613967536,-0.951583388735736,0.109972602021146,0.984954128501621,0.177475300444381,0.319386894043262,0.361046054135861,0.223797707346436,0.200501330665626,0.251230583002712,0.158384819023636,0.425755515055816,0.476113694255966,-0.39736460292932,0.0021882735274374,0.00789585523495288,0.00236062226452278,0.592480820268455,0.677120937449663,0.103912238326471,0.171537663269096,-0.180377307136384,0.287239249800661,0.987019846950917,-0.128179723044565,0.434737078352235,0.725641378249713,-0.0966578591440341,0.902335347461206,0.987079586191728
"TRGV2_ENST00000426402.1",0.057424962060227,0.79098977288066,0.814484518609788,0.155525575730693,0.455620609202515,0.478631751081429,-0.154479772505811,0.590080015157071,0.996470134738779,0.136201193349146,0.626483443023351,0.723936423049205,0.307878761542676,0.275204064566874,0.295064151700566,0.000452291092945329,0.760530670643393,0.963852886263489,-0.612543286713529,0.135418929332615,0.638803860655965,0.435905837417041,0.528853483459851,0.984954128501621,0.133241458115311,0.517906608048053,0.549615175887729,0.038220477703858,0.856862077403276,0.865181126698454,0.0679190302160546,0.750313761767431,0.784997874798325,-0.270550093808302,0.0493005755822546,0.068363464807393,-0.00766348346101127,0.0991592710779832,0.213835331171581,0.0249751118621983,0.0742117609619606,0.112924792770647,0.488708191788868,0.987019846950917,-0.00563563906256375,0.974226228769398,0.987642693446716,-1.11365900919167,0.163494479568014,0.614238174290763
"TRAV2_TCRVA_003.1",0.45726126845837,0.00212268257623069,0.0220758987927992,0.643930580720408,2.08316369061295e-06,0.000108324511911873,0.0440908459675454,0.813243387403803,0.996470134738779,0.293759737780923,0.0961705839774645,0.320934547472275,0.682966521067682,6.98802607427443e-06,0.000195230881072439,-0.000387707309241191,0.745977158706168,0.963852886263489,-0.279094599689955,0.343958268549354,0.638803860655965,0.352208045310865,0.480109768729751,0.984954128501621,0.456830163819809,0.000864321341253005,0.00898894194903126,0.435896409295599,0.00305639578910563,0.0332118881874808,0.449231163018552,0.00245636674761727,0.0255462141752196,-0.470499593407518,6.63997951657811e-07,6.90557869724123e-05,-0.00762251025066582,0.0188319873298585,0.0699473815109029,0.0204346318667021,0.0664125535667819,-0.0367468384955522,0.783523268309425,0.987019846950917,-0.133953232352119,0.234707543084288,0.649295331147515,-0.188372179685818,0.760358245102204,0.984480251015208
"TRAV1.2_TCRVA_002.1",0.415325918011094,0.0240163171784672,0.0531424890757571,0.542302220728675,0.00229853805876156,0.00612943482336416,0.0901102151907722,0.700131222587311,0.996470134738779,0.232213784518461,0.241068557958661,0.404373064962916,0.595502328346787,0.00345630491857292,0.0059909285255264,0.000216549219484677,0.876751968883299,0.963852886263489,-0.305350270277193,0.404661367239509,0.657574721764202,0.114637634857172,0.853182745616564,0.984954128501621,0.419059609882088,0.0133065289753136,0.0307528669651693,0.41288584531004,0.0240483738944778,0.0595483544053736,0.410709573987879,0.0236325723821251,0.0558588074486593,-0.253162736244107,0.0398126782776085,0.0600075150850911,-0.0264493795745689,4.75619916453736e-11,2.47322356555943e-09,0.00218528275197431,0.0206608551095753,0.1615118026549,0.291265864617246,0.987019846950917,0.00714940104357256,0.961521672771235,0.987642693446716,-0.0631609725480492,0.931906057603226,0.988933869033138
"TRBV6.5_TCRVB_014.1",0.293015266533864,0.030404508936316,0.0645797310613444,0.366724329725743,0.00540863883405763,0.0114757784923435,0.028415430110376,0.860728536859897,0.996470134738779,0.133429277061285,0.454112740268247,0.605483653690996,0.467989512359085,0.00240696815658927,0.00455135796882336,0.000287302977804873,0.794605879751122,0.963852886263489,-0.369194703924773,0.161283951093434,0.638803860655965,-0.0858971597343393,0.846806905880694,0.984954128501621,0.300733301934345,0.0184366121873404,0.038348153349668,0.25782959592447,0.0551031377455663,0.109526374135917,0.271539493560038,0.0450250669859106,0.0883510748402774,-0.281938679615896,0.00142213588760996,0.00778432275323344,-0.00733747253473314,0.0142034014572388,0.0643104392031956,0.00949729320055033,0.0469366455499508,0.0349576995950374,0.775389872851399,0.987019846950917,-0.187550240311824,0.0706614494465466,0.575175663851679,0.141621596483554,0.804801011652294,0.984480251015208
"TRAV9.1_TCRVA_014.1",-0.218336399657206,0.14929785987851,0.194968599661345,-0.157640219727619,0.327553516095509,0.366296405096053,-0.463915860173586,0.198285136142895,0.996470134738779,-0.318635062969482,0.100994699768821,0.320934547472275,-0.185413019677504,0.2879405838848,0.302483037616356,-0.00151837718649842,0.25064482607184,0.963852886263489,-0.251514997589489,0.397276297696174,0.655821189847652,0.395575808262545,0.431424205052655,0.984954128501621,-0.24305278186722,0.11376127646685,0.146063861142622,-0.225841539322228,0.137268429072594,0.187841008204602,-0.227597304969354,0.137201354890188,0.18774922248131,-0.0817188967404713,0.432193365629884,0.483313011026968,-0.00116364604520694,0.740374363836938,0.802072227490016,0.484957456974964,0.530900795004171,0.0713840003427782,0.638749075333712,0.987019846950917,0.0301429036547953,0.80836590395886,0.974912412201223,1.5619872551455,0.0243343681536775,0.210897857331872
"TRBV6.8_TCRVB_016.1",-0.247535900469853,0.100805161807496,0.141672119297021,-0.205809759535393,0.16167577537035,0.195323114275345,-0.585128075270709,0.00441220237597423,0.22943452355066,-0.24090312388233,0.176335015969724,0.34732645896644,-0.179874019506137,0.223781691424466,0.247588254341962,-0.000204996230952951,0.867507748915919,0.963852886263489,-0.128468434692525,0.667159786609483,0.776082154890963,0.472911322919775,0.350168038799635,0.984954128501621,-0.251377405124811,0.080330348068182,0.112896705393121,-0.258864902028423,0.0800351562500585,0.132121527777874,-0.271112292445176,0.0740489508883477,0.120329545193565,-0.0178667249039949,0.852520473683475,0.852520473683475,-0.00348558720617763,0.281934402619336,0.396232133410959,0.388790635814979,0.439502457877803,-0.101333559060522,0.50293067179703,0.987019846950917,-0.129808477009554,0.274542632157195,0.649295331147515,2.24324321164596,0.000464937019032131,0.0161178166597805
"TRBV11.3_TCRVB_031.1",0.258545157529733,0.0852742676304965,0.123173942132939,0.372373162924882,0.0132679343348758,0.0237907788073636,-0.0571271188535329,0.777505424953019,0.996470134738779,0.11645936164091,0.530017271696197,0.67471985489002,0.399166154738893,0.0225433315677055,0.0312600864405516,-0.00083975375161196,0.491518635128007,0.963852886263489,-0.280880383837139,0.332304052760979,0.638803860655965,0.224454512309566,0.646724757909051,0.984954128501621,0.264723307776492,0.0677942420482164,0.102182625695862,0.226925025050393,0.126868118838457,0.177361518701338,0.244613886055623,0.103877908093686,0.147990444407444,-0.211296939397298,0.0300152625482662,0.0495490048415823,-0.00574074902564269,0.0810033628727643,0.200405949192626,0.279962927066963,0.330865277442775,0.124888184746213,0.348769801331909,0.987019846950917,-0.0741857422086625,0.545848410198662,0.78844770362029,0.761221377576449,0.235754522122401,0.721131479433225
"TRAV39_TCRVA_044.1",0.471147747683486,0.000812286668987256,0.012882669617529,0.551275317608232,4.47770240176055e-05,0.000610658899540688,0.172615635782052,0.326948073440208,0.996470134738779,0.364827710019246,0.0397351403539323,0.320934547472275,0.71325647806154,7.50888004124764e-06,0.000195230881072439,0.000790665250094213,0.488919197740956,0.963852886263489,-0.311596807497036,0.256874684335005,0.638803860655965,0.254687378569866,0.583361335942083,0.984954128501621,0.494716155789277,0.000174616382651965,0.00503636408021016,0.435322074052014,0.00204380177914092,0.0300288060374553,0.451336685342454,0.001331350301768,0.0197800616262674,-0.218638613614999,0.01551403544257,0.0298788830745792,-0.0025653311587437,0.402052612080917,0.491923195957828,0.0599180934328181,0.122185916019864,0.0613667777821991,0.6212361962355,0.987019846950917,-0.156129863991065,0.160070388637299,0.615801918117267,-0.0375523861302437,0.94989390967833,0.988933869033138
"TRAV41_TCRVA_046.1",0.36681966126102,0.00974539245584931,0.0337959594757002,0.43432746939589,0.00130866348699843,0.0041242728075102,-0.0539178821322308,0.764820078712127,0.996470134738779,0.331543534789374,0.0604277646005483,0.320934547472275,0.553461252848538,0.00143831918349049,0.00311635823089605,0.000543971960488283,0.62930852925055,0.963852886263489,-0.0492688088041952,0.855837279877925,0.899061384922264,0.23713154438188,0.605548273543281,0.984954128501621,0.374805255602807,0.00459458467978602,0.0170656002392052,0.343777717689979,0.0138386489743193,0.0478756525248864,0.343958802595592,0.0150582530499276,0.0453498768123194,-0.203949002614814,0.0235083198240699,0.0407477543617212,-0.00658528013349984,0.0302401208121177,0.0999092902473881,0.0228527657837741,0.0699025776915444,0.0515052766281568,0.677504773072417,0.987019846950917,-0.0682578725153186,0.516160802104189,0.767476432477641,-0.505054331017132,0.383469426966833,0.949543342965491
"TRBV11.2_TCRVB_030.1",0.27492908325642,0.0761795135216497,0.116509844209582,0.383743755229917,0.0187549977573116,0.0309606312184191,-0.0783801004357012,0.682654150201465,0.996470134738779,0.122575046299285,0.531990654817131,0.67471985489002,0.502874720793487,0.0169611482911042,0.0241638277023951,0.000139299729810677,0.904934380160795,0.963852886263489,-0.276455053256328,0.327806985372608,0.638803860655965,0.238899508482205,0.616911693121828,0.984954128501621,0.266009191612127,0.0610977992753023,0.0948383749944991,0.23759087368699,0.121912515735092,0.173683584060952,0.261929550147975,0.0887925795348956,0.137827287636256,-0.153701634962609,0.113101969967793,0.143446400934761,-0.00772900575416711,0.0178990467193711,0.0699473815109029,0.00401835507994116,0.0302954855583415,0.0544996242334709,0.668634563960453,0.987019846950917,-0.0793195333156339,0.467613761324471,0.73684592693553,-0.467443935606818,0.436303927588766,0.954144819440944
"TRBV7.8_TCRVB_023.1",0.354630378064678,0.00731368673439235,0.0292702064577241,0.462512149984071,0.00101709347672157,0.00344926344232492,0.0475943022247215,0.761549942938401,0.996470134738779,0.242303487725585,0.108056429581143,0.320934547472275,0.415999079419675,0.00249360935633363,0.00463098880461959,-0.000792630037550934,0.455701186221657,0.963852886263489,-0.343171973418822,0.191668496133187,0.638803860655965,0.142761804929944,0.747599247775457,0.984954128501621,0.334740496014479,0.00675372404428572,0.0196232306909545,0.330050083169835,0.0117711919321829,0.0478756525248864,0.337809722294571,0.0104406184187742,0.0434329726221006,-0.179419613688423,0.0310480858296846,0.0504531394732375,0.000829133239313011,0.76858708658961,0.824052134075458,0.182943934800329,0.257840969415091,0.0151792212747636,0.897238026695016,0.987019846950917,-0.0232113508080975,0.82549495874797,0.974912412201223,0.166056608700977,0.765145626995601,0.984480251015208
"TRAC_ENST00000611116.1",0.469335578442661,0.000867102762718297,0.012882669617529,0.543451538291513,2.63655210987486e-05,0.00054840283885397,0.0239627780763471,0.889242795952185,0.996470134738779,0.444430838909314,0.00759842302999796,0.212348303714345,0.724711550720098,2.3243333086148e-06,0.000195230881072439,0.00126621377889604,0.278817118475057,0.963852886263489,-0.219921591584275,0.434100295235126,0.663918098594898,0.210767197078036,0.657594808303883,0.984954128501621,0.477106174935154,0.000347147431277914,0.00515761897898615,0.448346183567552,0.00124232876405453,0.0258404382923342,0.458132766108273,0.00100185181259094,0.0197800616262674,-0.278857635493346,0.00204650440051473,0.00789585523495288,-0.00610565597807835,0.0464132541386468,0.134082734178313,0.00877681511180836,0.0456394385814035,0.0733776963351336,0.566498996194978,0.987019846950917,-0.0465156724146628,0.660536517426957,0.8695670609165,-1.4844430553998,0.0119422131928343,0.175807218868442
"TRAV4_TCRVA_005.1",0.249084007472137,0.111897172556127,0.151133843452432,0.336578542944819,0.022268286124946,0.035089420560521,-0.153338108340265,0.397293838323548,0.996470134738779,0.0960534088756472,0.599332518975189,0.702343294025464,0.591921569369789,0.000764692925552737,0.00184948986645313,0.00151287556551208,0.233250390869959,0.963852886263489,-0.0291015405009354,0.925472100588363,0.952961370902869,0.590832031437665,0.262827353303475,0.984954128501621,0.265053071242435,0.0707301302681443,0.103604697857563,0.239195845231329,0.120578230386853,0.173683584060952,0.257130388161706,0.0976936402368366,0.143100543445507,-0.369911820229978,0.000210632775482672,0.0037405268786036,-0.0128816310302443,0.000129164947326482,0.00191902207456488,0.249657753749023,0.308104879134178,0.0660833839863967,0.642740779194981,0.987019846950917,0.00328650217537864,0.978146129086651,0.987642693446716,-0.0266770392287192,0.967518214348753,0.988933869033138
"TRAV20_TCRVA_028.1",0.371258986601421,0.00584515990099068,0.0275922411852399,0.416432435186596,0.00261438627036911,0.00663161395410702,0.0162131149622673,0.922983095969837,0.996470134738779,0.236234536272856,0.179719180877362,0.34732645896644,0.59181868744031,0.000673374759454689,0.00178017722894135,0.000841033156579846,0.438174452537188,0.963852886263489,-0.313317376061312,0.216433325215819,0.638803860655965,0.0529424268267788,0.901532294933187,0.984954128501621,0.380212686331704,0.00286128091021389,0.0140508126595346,0.333326571998245,0.0141976528627381,0.0478756525248864,0.349076732821537,0.00933301427101619,0.042739087981399,-0.209298464578348,0.0165585404824222,0.0313106947303983,-0.00295089049193228,0.318585787587443,0.414161523863676,0.251816487753895,0.308104879134178,-0.0387606294970209,0.747072853328355,0.987019846950917,-0.142061679794142,0.174756290234881,0.615801918117267,-0.132842590567136,0.814089438339499,0.984480251015208
"TRAV26.1_TCRVA_034.1",0.425654225214043,0.00502367278414174,0.026123098477537,0.532556988742755,0.000505007844264227,0.00194521540012887,-0.0495997827262586,0.788111487681484,0.996470134738779,0.36749721509545,0.0415323041664544,0.320934547472275,0.695206067054871,9.03401149818959e-05,0.000488191509976224,0.000909196396682208,0.448456180910585,0.963852886263489,-0.219179391227542,0.454775490870281,0.676271151429452,0.204310647932221,0.680368630312177,0.984954128501621,0.432904540279918,0.0021364358919436,0.0126983196068817,0.401067901812444,0.00777842599197641,0.0449420168425304,0.403565837227694,0.00746912731454156,0.040883644248017,-0.287951646006775,0.0026404746649246,0.00915364550507195,-0.00364689922050752,0.262185696029071,0.373524827219499,0.0871111396021842,0.158324972230347,0.111668609531629,0.408873254502884,0.987019846950917,-0.12303849449384,0.289718690300786,0.649295331147515,-0.401669080223792,0.519713476452994,0.954144819440944
"TRBV12.5_TCRVB_034.1",0.0644661483444447,0.692471437676739,0.742443603282277,0.141382820738124,0.389661096859693,0.413517898708246,-0.24592411235878,0.214647484855498,0.996470134738779,-0.150759425359489,0.448923122750793,0.605483653690996,0.352310973477499,0.0753072560439136,0.0943608991393616,0.000815494050606724,0.510172889787668,0.963852886263489,-0.413671588326369,0.192591764638938,0.638803860655965,0.611230625453957,0.254999185119075,0.984954128501621,0.086463008736389,0.581050691535633,0.604292719197058,0.0382988807254821,0.811723160003387,0.835833748914378,0.0814482207306447,0.616074665773865,0.66741422125502,-0.334714540952819,0.00182257898274003,0.00789585523495288,-0.00941084646038784,0.00955538736966315,0.0552089048024982,0.115051631347345,0.184082610155751,0.0499100660608202,0.737251973736392,0.987019846950917,-0.153637557615649,0.258620098285237,0.649295331147515,1.04421320994347,0.116998839386199,0.599070866508589
"TRAV40_TCRVA_045.1",0.237310221454133,0.083103990829817,0.121729789384521,0.259721776278245,0.0527596789909951,0.0685875826882936,-0.138217449553528,0.433722603581714,0.996470134738779,0.0563877836557605,0.781656476544036,0.824541715837343,0.377286223106938,0.0273026503358122,0.0373615215121641,0.000357484666421042,0.768172645675079,0.963852886263489,-0.0777934468184849,0.76785135515457,0.823263308619333,0.310150508858555,0.487129780875253,0.984954128501621,0.218013759182826,0.103210398203124,0.134173517664061,0.195275499539608,0.179648328662008,0.234603134867875,0.204692552788663,0.150565609105195,0.200754145473594,-0.1115942204915,0.247525649374974,0.289243455449407,-0.00412138390374428,0.205473369997488,0.323738741671413,0.524758087096689,0.562627227402636,-0.108618841127244,0.426717204123884,0.987019846950917,-0.147694274097974,0.208712264551897,0.620173586097064,0.902950024164839,0.161210960111802,0.614238174290763
"TRBV25.1_TCRVB_043.1",0.408876379766469,0.00323428021275506,0.0240260815804662,0.462634941805694,0.000308167372361603,0.0014567912148003,0.0708870541973469,0.706486051227418,0.996470134738779,0.334957872859301,0.0449733023285887,0.320934547472275,0.578613236512501,0.000109339515816088,0.000488191509976224,-0.000146062706782496,0.893895289215485,0.963852886263489,-0.173481641612551,0.515533846827599,0.687378462436798,-0.0506941974843601,0.910547874592764,0.984954128501621,0.393917031662289,0.00215973227433122,0.0126983196068817,0.400868935442742,0.00319345078725777,0.0332118881874808,0.394021873883024,0.00427198512370283,0.031734746633221,-0.161202336914516,0.067059928108846,0.0871779065414998,-0.0115045735892785,9.10826497979726e-05,0.00157876592983153,0.0135080013265862,0.0501725763558917,-0.0109800843422866,0.929193905841295,0.987019846950917,-0.184228999416399,0.0632309115740772,0.575175663851679,0.859623693971845,0.121945490666243,0.599070866508589
"TRAV7_TCRVA_008.1",0.000494941213495509,0.997221383848911,0.997221383848911,0.118674875848921,0.388015935490717,0.413517898708246,-0.379041055070075,0.0557053533745821,0.996470134738779,0.0306457824629521,0.853379640036973,0.887514825638452,0.161830481673333,0.287442778207349,0.302483037616356,0.000332506601973661,0.771415278983016,0.963852886263489,-0.254310460698224,0.360081825175141,0.638803860655965,0.424440952672618,0.366768221521453,0.984954128501621,0.0268501528515245,0.842380462650328,0.858897726623863,0.0048753642428515,0.972193965137728,0.972193965137728,-0.0239251277556465,0.868069830359998,0.88509080742588,-0.141906406169905,0.115543566229623,0.144777480576877,3.90667257852043e-05,0.989775897644084,0.989775897644084,0.986478054014326,0.986478054014326,-0.0367327877238216,0.788062619539454,0.987019846950917,-0.0811960794282433,0.461820555203598,0.73684592693553,2.11488606261956,0.000419631343756906,0.0161178166597805
"TRGV9_ENST00000444775.1",0.14006212594531,0.360015467707126,0.406974006973273,0.230882875843618,0.116118350784561,0.143765577161838,-0.208888208806504,0.299810833465916,0.996470134738779,0.147434874993164,0.388370276052473,0.538540116126097,0.136271747630241,0.407672120378839,0.41566569136666,-0.00149398412720342,0.230131675854044,0.963852886263489,-0.2911238767167,0.339854452926422,0.638803860655965,0.233222057431641,0.65103720082004,0.984954128501621,0.15926449755171,0.282338031271916,0.329923092722239,0.128687116657472,0.395984858167985,0.452554123620554,0.132824172789222,0.385506061119224,0.445473670626658,0.0487735053561181,0.623275594412887,0.648206618189402,-0.00699787811625792,0.036052417186991,0.113619739013547,0.385699979002165,0.439502457877803,0.0157675266593216,0.909740276269953,0.987019846950917,-0.0189507858565877,0.882881842879332,0.976805443185644,1.01685388659185,0.12716196285889,0.599070866508589
"TRAV18_TCRVA_026.1",0.242383890951153,0.0707295552392966,0.109789160371445,0.294068315551004,0.0274952375517815,0.0408500672197897,-0.109140895171119,0.528896786578793,0.996470134738779,0.25938087296172,0.123631393397216,0.320934547472275,0.45072685075311,0.00425331442505918,0.00713459193880894,0.000747959755488139,0.500742915897194,0.963852886263489,-0.45004106519154,0.0825301363415924,0.638803860655965,0.0800524443110701,0.854480932918187,0.984954128501621,0.275189722342589,0.0316499041151319,0.0587783933566734,0.211941000181829,0.11610181511151,0.172494125308529,0.215846140200092,0.113380503074142,0.159345571887983,-0.093543900383943,0.283848658526014,0.324398466886873,-0.00205510802573765,0.485510233150371,0.573784820995893,0.640273035850331,0.665883957284344,-0.027425826879493,0.818428562601759,0.987019846950917,-0.1909385606792,0.0693504188347638,0.575175663851679,1.34067121373419,0.0210872282006006,0.210897857331872
"TRBV5.6_TCRVB_009.1",0.347307043674561,0.0125470675637353,0.036247084073013,0.369038052787828,0.00841493376943045,0.015627734143228,0.0182166359492225,0.91571933099281,0.996470134738779,0.261636668232683,0.134555328616911,0.333184623241876,0.553618989271838,0.000749558250745906,0.00184948986645313,0.000622567791646675,0.593251774840533,0.963852886263489,-0.305152245205322,0.260584675264793,0.638803860655965,0.0664274126553031,0.884705741051068,0.984954128501621,0.348578220606832,0.0090107106640476,0.0234278477265238,0.31753464117874,0.0221283824398356,0.0586244777194868,0.339172842393572,0.0139104065720147,0.0453498768123194,-0.280701891831349,0.002050728132825,0.00789585523495288,-0.00388933008031449,0.208562458576776,0.323738741671413,0.0121568470183834,0.0486273880735338,0.149877142716493,0.241344092158609,0.987019846950917,-0.169122339644827,0.120754888188522,0.615801918117267,0.239206500921707,0.68900306597677,0.96832863326465
"TRBV4.3_TCRVB_005.1",0.373381072347545,0.351431064694704,0.404413111636067,0.346031030198833,0.465716972534844,0.484345651436238,0.264331601015579,0.547269761125731,0.996470134738779,0.538919556141104,0.254378742493859,0.407005987990175,1.0964970969594,0.0310967527559997,0.0414623370079995,0.00167699157626798,0.428618040175901,0.963852886263489,1.15783520405853,0.135446913946755,0.638803860655965,1.53113152351636,0.242708132790834,0.984954128501621,0.512201751405799,0.175930852099773,0.217819150218766,0.470377253159988,0.234131864858669,0.286467222885902,0.402464665280948,0.307079690052889,0.367083767419545,0.158216898581636,0.548500232410623,0.582081879292906,-0.00815123167996628,0.359355113579311,0.45576746112498,2.05793090497041e-06,0.000163873073892768,-0.0124785449558524,0.959888624709198,0.987019846950917,0.3772725609263,0.206140252909203,0.620173586097064,0.937913150182625,0.414432474975821,0.954144819440944
"TRAV13.1_TCRVA_021.1",0.419494757281186,0.00283896276151484,0.0239093372891934,0.519113563122358,0.00017940799239701,0.001097554777017,0.00127509960433406,0.99395224950084,0.996470134738779,0.265614854638233,0.126522273522724,0.320934547472275,0.695150664708926,1.386073001732e-05,0.000240252653633546,0.00100842480113869,0.379889797730944,0.963852886263489,-0.130663492210695,0.633045900412599,0.765543879568724,0.221388354585392,0.632671788560525,0.984954128501621,0.416597683975663,0.00167365890722351,0.011604035090083,0.403488448034199,0.0036149360680577,0.0341775773707273,0.403798862198556,0.00382283531267406,0.031734746633221,-0.304248920326604,0.000756092806488114,0.00491460324217274,-0.00524910482089314,0.0872327531131471,0.201604584972607,0.00604645141487506,0.0349067965537029,-0.0364382549050909,0.769350169854723,0.987019846950917,-0.118142473919461,0.252879994984753,0.649295331147515,-0.444016247250123,0.443818197934132,0.954144819440944
"TRAV17_TCRVA_025.1",0.483980432716175,0.00062545803499738,0.012882669617529,0.577691727663153,3.36825505347978e-05,0.000583830875936495,0.0874024218032883,0.611394466896974,0.996470134738779,0.392665955122998,0.0199951414358832,0.320934547472275,0.680868798736797,5.72211608320799e-06,0.000195230881072439,0.000459911086520939,0.694718032231512,0.963852886263489,-0.380720622085028,0.175586106440419,0.638803860655965,0.0275563378798107,0.953664268135996,0.984954128501621,0.489721216187574,0.000222746671987591,0.00503636408021016,0.446494491513237,0.00154043449038839,0.0267008645000654,0.459440083320099,0.00114681094477363,0.0197800616262674,-0.221010030272721,0.0146846798641537,0.0293693597283074,-0.00053588095524569,0.861490817160068,0.887079653313338,0.0214090301742021,0.0674708829732429,0.054880075219871,0.655871201238358,0.987019846950917,-0.129805883649461,0.235334709835211,0.649295331147515,-0.195346072900351,0.746186297764513,0.984480251015208
"TRGC1_ENST00000443402.1",0.243755014361175,0.163509011415168,0.209937496137993,0.348763358249162,0.0312021480150534,0.0446139459477579,0.00457764179152141,0.983753628800543,0.996470134738779,0.292732065230809,0.148862535626179,0.336187398715091,0.241498575179383,0.252336413134025,0.273364447561861,-0.000429941460757149,0.751478533907198,0.963852886263489,-0.366504080096059,0.287231657573269,0.638803860655965,0.0674537627578442,0.907693695521557,0.984954128501621,0.279420652256807,0.0925533845510767,0.125007168744311,0.237715549382204,0.166578131887189,0.222104175849585,0.236022789005792,0.173875147722988,0.226037692039884,-0.0802433755546953,0.479240858643816,0.520282642166281,-0.0150755614318604,6.55724368560481e-05,0.0013639066866058,0.0155300746754985,0.0538375922083949,0.135451063936137,0.332814813978514,0.987019846950917,-0.0148796670128883,0.917066023456077,0.987642693446716,-1.2494384375439,0.084376303166537,0.548445970582491
"TRAV3_TCRVA_004.1",0.355539454121675,0.0188471268388145,0.0453551062803072,0.525282358998453,0.00014248621879203,0.001097554777017,-0.0936740231151644,0.645756045989923,0.996470134738779,0.2517266599799,0.191108846456925,0.348689825114389,0.536943025401527,0.00029810269689816,0.00103342268258029,-6.10647031614869e-06,0.996117928067023,0.99646009307452,-0.263721145633045,0.380825378467979,0.638803860655965,0.0274741006441577,0.956923262957292,0.984954128501621,0.368007810716015,0.0116372238486778,0.0275061654605112,0.339561767159261,0.0226344430199616,0.0586244777194868,0.352434843742854,0.0184837390927053,0.0483837192973634,-0.358042029966127,0.000260062820106561,0.0037405268786036,-0.00621862190081979,0.0622638084665106,0.166036822577362,0.126180631872744,0.195862473354708,-0.0329628911459363,0.796536204994368,0.987019846950917,0.0216108482496167,0.860911354926126,0.974912412201223,-1.17038059963277,0.0716452906922783,0.532222159428353
"TRBV29.1_TCRVB_046.1",0.366852084329042,0.0171463088205971,0.0445804029335526,0.409144428056992,0.00326668307624539,0.00754966755398935,0.00953677543089075,0.96053212156045,0.996470134738779,0.283760223253493,0.155163414791581,0.336187398715091,0.623828137184546,0.00158952225726773,0.00330620629511689,0.000655736921260752,0.600994423746599,0.963852886263489,-0.310217820384575,0.300946314738487,0.638803860655965,0.0563525360106896,0.911438552330495,0.984954128501621,0.350880999145399,0.0183864085422497,0.038348153349668,0.355693069994077,0.0189937258438508,0.0533877699394724,0.348711066034174,0.0225205352936546,0.0544682714079089,-0.20511352046621,0.0378742943274736,0.058804194204279,-0.00400878645452288,0.230227021389636,0.342051574636031,0.24141452614936,0.302495309873896,-0.0889493306324279,0.523928792851424,0.987019846950917,-0.111260788972401,0.375369995461621,0.698258622324868,-0.478040970144894,0.466778133135597,0.954144819440944
"TRAV1.1_TCRVA_001.1",0.100592078766588,0.493482055037957,0.540232986567869,0.162525554974405,0.263567285247541,0.297945626801568,-0.27889266121567,0.135755074299412,0.996470134738779,-0.0265579461165999,0.886255667278352,0.911905472723544,0.180069958610604,0.232667338476254,0.25470950738453,-0.000282678108022897,0.813599384988052,0.963852886263489,-0.340281519609398,0.239715916458632,0.638803860655965,0.552698019690643,0.259106880860347,0.984954128501621,0.105703611675587,0.45782726123888,0.49086634194684,0.0861040367129788,0.553943411826541,0.606422261368003,0.122726494338436,0.401388960407767,0.458730240466019,-0.230793776393882,0.0191686061488556,0.0346204018671125,-0.0104752906591161,0.00156105923068153,0.0147591054537163,0.00050783911451587,0.00754503827280722,0.0268408140097555,0.838618596253188,0.987019846950917,-0.00488616807835732,0.96821149447696,0.987642693446716,0.512587041388669,0.418813708101633,0.954144819440944
"TRBV16_TCRVB_038.1",-0.0144755981023113,0.927774890426616,0.945966554944785,-0.00935380090899323,0.952796565169439,0.952796565169439,-0.376528988464933,0.0758264312108687,0.996470134738779,0.000876518170792548,0.996492457455226,0.996492457455226,0.251062064709198,0.172615935261073,0.195131057251648,0.00132534809233509,0.263442056711848,0.963852886263489,-0.213028492958267,0.474690327445673,0.676271151429452,0.284035771111308,0.573192737382906,0.984954128501621,0.0190468596827604,0.895624242337887,0.904319623331459,-0.0439395320973593,0.783659310323682,0.822050515250204,-0.0125403025245075,0.936469976398022,0.936469976398022,-0.060860594352647,0.528773619822646,0.566932540840775,-0.00339957204896477,0.296738457528536,0.405439323999525,0.866171708112752,0.874581142172099,-0.0842200011900732,0.507897090185074,0.987019846950917,-0.0904948493289184,0.446548540461362,0.725641378249713,1.40418717114147,0.0242544118268413,0.210897857331872
"TRBV7.2_TCRVB_018.1",0.302249989157737,0.0322731440264028,0.0671281395749179,0.282849918593373,0.0558427041669588,0.0716992744859718,0.183057647965439,0.291699267814485,0.996470134738779,0.268385118452465,0.123616395703697,0.320934547472275,0.492599341375978,0.00474126743775957,0.0077045595863593,0.000335869244354836,0.771579596886191,0.963852886263489,-0.013041650297267,0.961983140771547,0.97132278291496,0.41039746567178,0.376125504672721,0.984954128501621,0.341843453843902,0.0114124535323967,0.0275061654605112,0.295470464009961,0.0339049459668482,0.0783580973456047,0.296717641740363,0.0334141296010933,0.0723972808023688,-0.122509450923166,0.190285743769859,0.230112992465876,-0.00226047299150402,0.474270693016714,0.566944276709635,0.000103276277576723,0.00188317778063155,0.0817065028380584,0.518591800412778,0.987019846950917,-0.0584352309804704,0.600541392501516,0.81112084182023,0.588061614461876,0.324814043153583,0.87676491038638
"TRAV19_TCRVA_027.1",0.365210952569453,0.012003263450417,0.0356668399669533,0.427564020726698,0.00551720119824206,0.0114757784923435,-0.0319296695667055,0.852118126094217,0.996470134738779,0.306269560596339,0.0958038210494772,0.320934547472275,0.673141497907168,9.64245285755876e-05,0.000488191509976224,0.00120273721892445,0.316662286844693,0.963852886263489,-0.248573452157608,0.380236221547649,0.638803860655965,0.322062133472216,0.501527480616483,0.984954128501621,0.374468095606048,0.00820537315380309,0.0224568107367242,0.346378574452201,0.015170349301277,0.0478756525248864,0.35332865674175,0.0141357424914669,0.0453498768123194,-0.173016509760076,0.066490459193092,0.0871779065414998,-0.00440616035211515,0.166523873130948,0.298594531131355,0.092747485148195,0.160762307590205,0.204816902221588,0.125596767501867,0.987019846950917,0.00842915967741112,0.943014427859609,0.987642693446716,-0.720060908797355,0.249694174008344,0.741948402767651
"TRAV38.1_TCRVA_042.1",0.4209386723094,0.00381706197499522,0.0248109028374689,0.492821036848974,0.000157418748665928,0.001097554777017,0.0121153005801683,0.945305535759927,0.996470134738779,0.333438439449901,0.0332627491528412,0.320934547472275,0.649381260620391,0.000109646906592098,0.000488191509976224,0.000935783724774603,0.420743071999819,0.963852886263489,-0.119411746590537,0.683644370691876,0.776082154890963,0.0925628123184063,0.851915257117592,0.984954128501621,0.424167257840307,0.00147601543895164,0.0113204541638458,0.395202181108828,0.00604107964616775,0.0412282716118982,0.401793048580858,0.00547872820692917,0.0343910636156458,-0.169713752394647,0.0605330576730188,0.080710743564025,-0.00407087414537346,0.182729006352735,0.311792239693449,0.145038003545217,0.216133368136146,-0.0334050155015749,0.799451273618891,0.987019846950917,-0.166880991031688,0.138867686013028,0.615801918117267,0.154789906694487,0.79846244629955,0.984480251015208
"TRAV35_TCRVA_040.1",0.265917512896266,0.0667415125969517,0.105908020184264,0.351117520222343,0.0140707502845426,0.0244215092606369,-0.112335877127631,0.556774335538092,0.996470134738779,0.17480573865871,0.338979982597182,0.482930386165849,0.528860525647348,0.0031505407473815,0.00564924547806337,0.00052569868987763,0.644942156995532,0.963852886263489,-0.10484239293644,0.701458870766832,0.776082154890963,0.174018969186381,0.706948278186429,0.984954128501621,0.279557107308285,0.0380383772897633,0.0665970030066997,0.244807892143716,0.0882561415824778,0.138792257028242,0.243189214647399,0.0915706774659894,0.138019571832796,-0.19188789327962,0.037062661261064,0.058804194204279,-0.00710974949126292,0.0219304153187659,0.0772162870788228,0.0585606470348287,0.121806145832444,0.0395613072148107,0.755270492826137,0.987019846950917,-0.19022226802522,0.0689877990370661,0.575175663851679,0.243455790067077,0.676808318151016,0.96832863326465
"TRBV4.1_TCRVB_003.1",0.466445826275577,0.00743553648453166,0.0292702064577241,0.485728492960618,0.00718450679451754,0.014097900125091,0.0143557791134729,0.948220809629068,0.996470134738779,0.325009519532316,0.164879833323174,0.344421849507757,0.721444288915222,0.00095923050471298,0.00221688827755889,0.00117819598937875,0.360322215966084,0.963852886263489,-0.419802214119877,0.19010910805742,0.638803860655965,-0.696924463317817,0.198668460141479,0.984954128501621,0.466635103283658,0.00495056153948883,0.0176123836158193,0.434975370906109,0.0109883026643351,0.0478756525248864,0.446998376574999,0.00945191368819402,0.042739087981399,-0.413792979814009,0.000301345829112589,0.0037405268786036,-0.0138038113921166,0.000353477154590559,0.00408462489749091,0.000739737072803767,0.00961658194644897,0.150347896081543,0.297189089109621,0.987019846950917,0.00884664352296153,0.948544158755691,0.987642693446716,-0.930881150859545,0.171446543033122,0.614842775015334
"TRAV26.2_TCRVA_035.1",0.288698939684536,0.168765742713791,0.211465508942581,0.313114338637813,0.146599625911034,0.179368954055853,-0.118797261728808,0.659407695374882,0.996470134738779,0.324652362965833,0.154348901655015,0.336187398715091,0.456563495328762,0.114523535888514,0.132338308137838,0.00117254462052451,0.435213557747962,0.963852886263489,-0.576374898715723,0.166239393316247,0.638803860655965,-0.492198333421007,0.483795776699769,0.984954128501621,0.310415644864051,0.135623540350395,0.172010343859038,0.274671945344607,0.180463949898366,0.234603134867875,0.247052708962089,0.239758359559998,0.29684368326476,-0.0308769594194466,0.830166171107731,0.838226036846641,-0.00118347145653835,0.807485816207049,0.839785248855331,9.59148884376196e-05,0.00188317778063155,-0.0637624706307831,0.713208436602538,0.987019846950917,-0.242539524491099,0.174826400167404,0.615801918117267,-0.244158237897879,0.765173413968724,0.984480251015208
"TRAV5_TCRVA_006.1",0.503333940433433,0.000761606173479817,0.012882669617529,0.544122798993062,0.000263211257851137,0.00136869854082591,0.0454908844772182,0.79217347407435,0.996470134738779,0.476485191320968,0.00816724245055173,0.212348303714345,0.693731143833302,1.01653228704771e-05,0.000211438715705925,0.00116504393188309,0.330669232809539,0.963852886263489,-0.195847212783647,0.507360147679902,0.686340613967536,0.368429757203861,0.461272827462532,0.984954128501621,0.512806395447449,0.000278167107830865,0.00503636408021016,0.486171094116038,0.000958814469952707,0.0258404382923342,0.497575711315575,0.000714839727170775,0.0197800616262674,-0.244191839441054,0.0104151140187685,0.0221055481214678,-0.00279330967306076,0.387446947646393,0.479696220895534,0.00560894857510601,0.0343135677535897,0.0450671271976309,0.731271314103086,0.987019846950917,-0.130971767461167,0.264781672610064,0.649295331147515,0.15464389268496,0.804299822837843,0.984480251015208
"TRAV13.2_TCRVA_022.1",0.468193858562924,0.00245364038558141,0.0231980545545879,0.560438450174502,0.000249061990666043,0.00136328668575097,0.031455500195534,0.867431192778283,0.996470134738779,0.301138534604306,0.119090510802769,0.320934547472275,0.70777478755995,0.000117600572201097,0.000489218380356564,0.00101366151428085,0.409781911878369,0.963852886263489,-0.290438375213589,0.326264387457016,0.638803860655965,0.00203920653982894,0.99674536969933,0.99674536969933,0.465690822917729,0.00125085046451768,0.0113204541638458,0.430823487676049,0.00495857213090733,0.0396685770472586,0.443062743402057,0.004131361621276,0.031734746633221,-0.261050315177338,0.00811382903393612,0.0187519604339857,-0.00590664100433927,0.0768056457781779,0.199694679023263,0.0414848925122085,0.100335553983016,-0.0242435211295777,0.859232215367639,0.987019846950917,-0.220037609053948,0.0554980739882161,0.575175663851679,-0.104012693604582,0.870479438305863,0.987079586191728
"TRBV10.3_TCRVB_028.1",0.366525767945024,0.0149969999801981,0.0410444209984369,0.42910928639008,0.00207595380941831,0.00583511341025687,-0.0790821749434633,0.654324390042138,0.996470134738779,0.198318266470894,0.24978923460657,0.405907506235676,0.572227415728409,0.000701800638332649,0.00178017722894135,0.000783090621504628,0.509986333632483,0.963852886263489,-0.1192180084168,0.692146985652868,0.776082154890963,0.328113310576435,0.519848617166933,0.984954128501621,0.354707372893592,0.0136066821850355,0.0307629336357324,0.337698169819548,0.0227199688377307,0.0586244777194868,0.361992323494034,0.0152211897662389,0.0453498768123194,-0.295101097421015,0.00209497073580991,0.00789585523495288,-0.0048899816938959,0.133166818654065,0.257455773673556,0.0541978018509293,0.117428570677013,0.0198603867081378,0.884701677665632,0.987019846950917,-0.0267770548464818,0.828133990838689,0.974912412201223,-0.092708742265333,0.884597575010407,0.987079586191728
"TRDV1_ENST00000390452.1",0.174720180154885,0.353861472681559,0.404413111636067,0.201804113738458,0.233777033933973,0.267173753067398,-0.344902219026439,0.121015484670865,0.996470134738779,0.0963844506309053,0.678615281711116,0.744245380277585,0.403317349095462,0.0925009805056489,0.111861650844041,0.00173141947550501,0.228152831992694,0.963852886263489,0.00902011426015196,0.980515938737268,0.980515938737268,0.42096405629511,0.501003362848061,0.984954128501621,0.178499222520116,0.319344570136744,0.361046054135861,0.130625805212307,0.484107505853989,0.535608304349094,0.16454288315855,0.377849729391841,0.441532268053387,-0.431817909924086,0.000496377619386099,0.00430193936801286,-0.0151123813064691,0.000299783360740134,0.00389718368962174,0.00175527986157686,0.0182549105603994,0.00669972868160758,0.968038696048015,0.987019846950917,0.0303900833020031,0.845055594466987,0.974912412201223,0.406519704648674,0.601786323738454,0.954144819440944
"TRAV8.2_TCRVA_010.1",0.446340394045949,0.00298866716114918,0.0239093372891934,0.53304417434768,0.000170658845431512,0.001097554777017,-0.000828487037887592,0.996470134738779,0.996470134738779,0.382898799414297,0.0421422755990778,0.320934547472275,0.689115277048876,7.74395229899448e-05,0.000488191509976224,0.00105429609405606,0.373757965504766,0.963852886263489,-0.325882830037446,0.257078107005504,0.638803860655965,0.394171836804657,0.417472879586796,0.984954128501621,0.459922343600986,0.00085551662364246,0.00898894194903126,0.413625546532572,0.00579152515348215,0.0412282716118982,0.434527764111675,0.00351856787323151,0.031734746633221,-0.271423719507014,0.0038711753384561,0.0103231342358829,-0.0062475135449706,0.0496352390745353,0.135843812203991,0.0691865741247266,0.138373148249453,0.0203992748580119,0.873175374407151,0.987019846950917,-0.185220824778553,0.0820640041473348,0.575175663851679,0.22188460815143,0.712454352991812,0.984480251015208
"TRAV29_TCRVA_037.1",0.392866711864924,0.00759899590729377,0.0292702064577241,0.466086394835429,0.00096108931374476,0.00344666512515362,0.0182800355238742,0.916667477751637,0.996470134738779,0.268273640050159,0.145999201151947,0.336187398715091,0.67892075877087,0.000105887587919466,0.000488191509976224,0.00138870171424323,0.247354601343804,0.963852886263489,-0.265054999447576,0.3563261289852,0.638803860655965,0.232828095050498,0.631769425510468,0.984954128501621,0.405448681614463,0.0033436341812013,0.0144890814518723,0.355089060923614,0.0158309811737914,0.0478756525248864,0.383232789184282,0.00866184851524031,0.042739087981399,-0.244426016011287,0.00938086962667044,0.0207576689611431,-0.00410649030738883,0.197733793011495,0.323738741671413,0.140108064065182,0.214282921511455,-0.00982369857600825,0.942262544154448,0.987019846950917,-0.177477413304878,0.114306066877897,0.615801918117267,-0.303770594012792,0.623863920403694,0.954144819440944
"TRBV10.1_ENST00000390364.1",0.100711449246501,0.560671093642277,0.607393684779134,0.220490861177515,0.188857726402936,0.218235594954503,-0.402859389601151,0.080230829143586,0.996470134738779,0.101233789518106,0.567529217344408,0.702343294025464,0.325532032817937,0.0792072390946627,0.0980661055457728,0.000223348507657076,0.86243642000495,0.963852886263489,-0.106697192489283,0.752392219835267,0.815091571488206,0.193319923060669,0.735565613559759,0.984954128501621,0.133017287033788,0.391827184221491,0.428947654305632,0.080309352385301,0.637034781081526,0.69012101283832,0.106848648746861,0.529982884726177,0.58636404267577,-0.127181834908387,0.217940325110274,0.257565838766688,-0.0040251220135173,0.247878487427987,0.363089615387473,0.0765762308738703,0.147480148349676,-0.0441369619492456,0.7398047370681,0.987019846950917,-0.219755662101575,0.082958028440146,0.575175663851679,0.408266428414921,0.54773989769748,0.954144819440944
"TRBV15_TCRVB_037.1",0.223644192077038,0.179545048645096,0.219678647754,0.305175225582627,0.0447648921412984,0.0596865228550646,-0.0349842005780759,0.874695541392169,0.996470134738779,0.0291245734013317,0.894368829017322,0.911905472723544,0.408151926493124,0.0448326915736235,0.0590202521981879,-0.000279005490627757,0.829337990015002,0.963852886263489,-0.363856848348446,0.266781337905522,0.638803860655965,0.248768138340151,0.653147682923931,0.984954128501621,0.207779044540285,0.203650245669337,0.246274715693151,0.192380035978055,0.240913873168518,0.29133770708751,0.209139822123974,0.205490599784522,0.257482197320365,-0.265574680160848,0.0141737519126462,0.0289033372336314,-0.0063852939730394,0.0812387270268181,0.200405949192626,0.222879952213863,0.290853173566734,0.0862966047213338,0.564635466711164,0.987019846950917,-0.0446147722860343,0.755085090983781,0.957668895881869,-0.343172326149626,0.619971932327885,0.954144819440944
"TRBV5.8_TCRVB_010.1",0.282690121336236,0.0638043053333914,0.105908020184264,0.40664683107795,0.00304967966115954,0.00737596941303703,-0.163815202230616,0.39955810935485,0.996470134738779,0.283952057879834,0.0974921381062808,0.320934547472275,0.460560316607484,0.00324964620646402,0.00572818992325861,0.000404279128323636,0.739683496398758,0.963852886263489,-0.152977294990859,0.612803646412637,0.765543879568724,0.273082340496201,0.593514172938051,0.984954128501621,0.285871862419675,0.0411132130852403,0.0678669644184814,0.280418526490088,0.0630426352053326,0.117079179667046,0.285425091311022,0.0591230872949186,0.105282561917567,-0.102474162984014,0.273524082511706,0.316072273124638,-0.00204278328387214,0.517927839692665,0.605219048629631,4.08203962051187e-05,0.00141510706844412,-0.139303754151268,0.304182607280751,0.987019846950917,-0.0182694267948205,0.871796676295324,0.974912412201223,0.166580691912325,0.789786840775355,0.984480251015208
"TRAV8.1_TCRVA_009.1",0.336674219228414,0.00997313917401796,0.0337959594757002,0.398957064433672,0.00102814583376993,0.00344926344232492,-0.0477629986731923,0.758068642700502,0.996470134738779,0.300499294590662,0.0704676608560715,0.320934547472275,0.601817064969975,7.33388145155347e-05,0.000488191509976224,0.000906376835389023,0.399247427608161,0.963852886263489,-0.243468335493379,0.343703405408103,0.638803860655965,0.329778563096838,0.448326982205127,0.984954128501621,0.356674124625552,0.0041943487282305,0.0167028936621821,0.312975611432936,0.0155129038145884,0.0478756525248864,0.316949529268464,0.0156980342811875,0.0453498768123194,-0.28756866760416,0.000693359433339627,0.00491460324217274,-0.00347744319591999,0.228019817398125,0.342051574636031,0.100877395947462,0.169213696428,0.148002201467882,0.21632607425257,0.987019846950917,-0.0015275362004979,0.988330483840001,0.988330483840001,-0.383192310009379,0.495807029361358,0.954144819440944
"TRDC_ENST00000390477.1",0.138869855700339,0.413853634416129,0.462804064293306,0.203849456464426,0.173626876442711,0.203420777053956,-0.185947332307356,0.370914053336297,0.996470134738779,0.134307657143128,0.475857785927302,0.618615121705492,0.231094623619211,0.325968856678708,0.335651099946392,-0.000361831014746539,0.794686698274561,0.963852886263489,-0.327666132579294,0.326652134506171,0.638803860655965,0.326716512763932,0.562931443139643,0.984954128501621,0.165057667827337,0.315600992206194,0.361046054135861,0.124550806065182,0.453538897152597,0.511408724065769,0.138528725385723,0.41592239071044,0.470173137324845,-0.0607959535370063,0.592240502912857,0.622151639423608,-0.0170511469803096,5.91658609338118e-06,0.000153831238427911,0.0394268429636189,0.100335553983016,0.0169680512763904,0.910941838215842,0.987019846950917,0.0642863186599801,0.639317508600038,0.85242334480005,-3.40204248647814,2.29812654123207e-06,0.000239005160288135
"TRAV12.2_TCRVA_019.1",0.386573369472642,0.0115937049699411,0.035463097555114,0.552457074991278,0.000376078645149352,0.0015644871638213,-0.0642196090411919,0.742822529389974,0.996470134738779,0.322296209631712,0.0646653218439861,0.320934547472275,0.617502404875625,0.000638228585197225,0.00178017722894135,0.000682640308882432,0.574964271558616,0.963852886263489,-0.166237538847238,0.5736362387711,0.736520602866598,0.378236086047815,0.449564742573892,0.984954128501621,0.389667253404721,0.00651708230313631,0.0196232306909545,0.37647888863854,0.0122601955961874,0.0478756525248864,0.374216754379765,0.0139883710173859,0.0453498768123194,-0.304223019899559,0.00176966781256585,0.00789585523495288,-0.0100325595040109,0.00225273793774697,0.0195237287938071,0.039993201881008,0.100335553983016,0.0298267386671647,0.82306079690668,0.987019846950917,-0.0911568349420163,0.420726735314649,0.7173045979135,-0.750252449982427,0.2300864796195,0.721131479433225
"TRAV12.3_TCRVA_020.1",0.325363630413446,0.0231758436155495,0.0523975594786336,0.469701993565182,0.00152294942748047,0.00465843354288143,-0.0960367257679017,0.593622616345845,0.996470134738779,0.177885953690992,0.334585047949053,0.482930386165849,0.601556496739836,0.000459791511522022,0.00149751640247525,0.000893690816724002,0.453863235103731,0.963852886263489,-0.283388471034471,0.302872988317624,0.638803860655965,0.469680495272286,0.312975380046379,0.984954128501621,0.335883396154588,0.016505570636809,0.0365229648133646,0.295938388632785,0.0374470039258304,0.0828614554954545,0.326182797542368,0.021371060677712,0.0542095197678548,-0.346367245767631,0.000288405329864286,0.0037405268786036,-0.00337389416608983,0.300181037961187,0.405439323999525,0.0145572396361084,0.0522052731777679,0.0666870266827639,0.608963319140859,0.987019846950917,-0.1030904163896,0.370095478225621,0.698258622324868,-0.133969460073701,0.828639626060133,0.987079586191728
"TRAV36_TCRVA_041.1",0.360478058176187,0.00679753343435474,0.0292702064577241,0.453019104505504,0.000294306608070741,0.0014567912148003,-0.0680250603689635,0.693506460070441,0.996470134738779,0.296791549656768,0.0818891663544563,0.320934547472275,0.581110563387945,0.000165770473348065,0.000644661849108741,0.000465779179561914,0.670513665280436,0.963852886263489,-0.394708534248107,0.123138088712827,0.638803860655965,0.0400175232586361,0.926118520984797,0.984954128501621,0.377322014455672,0.00297228729336308,0.0140508126595346,0.32748720824392,0.0135788965679698,0.0478756525248864,0.333392327370988,0.0129937591505691,0.0453498768123194,-0.154885143697837,0.0740284306074374,0.0950488491749814,-0.00480291188524322,0.100749338725072,0.213835331171581,0.364971250685222,0.421744556347367,0.0550306139549586,0.651982160243187,0.987019846950917,-0.240090722548319,0.0206467105960714,0.575175663851679,0.966317184145757,0.0900085254978931,0.550640391281228
"TRAV30_TCRVA_038.1",0.170215998881477,0.217011736989389,0.262432798219726,0.264685819175752,0.0575165870391646,0.0729478664886966,-0.217416343577347,0.206262475968838,0.996470134738779,0.0859840414733708,0.593656011361376,0.702343294025464,0.379168066244469,0.0104668486270741,0.0151187813502181,0.000478971697753225,0.663430394421323,0.963852886263489,-0.358886293935709,0.182898268264702,0.638803860655965,0.110606285765727,0.807817982563124,0.984954128501621,0.162995025261818,0.195548524865884,0.239259371600611,0.15430383752704,0.260952957509879,0.311943765299166,0.15912766924614,0.245036463700453,0.299809320292319,-0.187877593984827,0.0270098162671033,0.0460495228160449,-0.00290653766079867,0.312180780587446,0.414161523863676,0.210675731301708,0.280900975068944,0.0479130372510199,0.690855736877587,0.987019846950917,-0.222456990807153,0.0237648596742965,0.575175663851679,0.720595269702919,0.193097198159088,0.654365861813284
"TRAV12.1_TCRVA_018.1",0.467407987305629,0.00162585005915344,0.0211360507689948,0.580246079084973,0.000158359374315479,0.001097554777017,0.0776915458235889,0.665088886517207,0.996470134738779,0.351852906099393,0.0692128258496988,0.320934547472275,0.744713625727669,3.35373528956438e-05,0.000317080427376996,0.00124626347880824,0.287589491100767,0.963852886263489,-0.258879918584045,0.350644914469833,0.638803860655965,0.497662044594029,0.289299261648344,0.984954128501621,0.484918196481097,0.000495995045562252,0.00644793559230928,0.446529345921178,0.00230990815672733,0.0300288060374553,0.461870248118523,0.00174124118347717,0.0226361353852032,-0.313113455121528,0.000938255240330668,0.00542103027746608,-0.00431500727476483,0.179955627806875,0.311792239693449,0.0196863941747887,0.0660446772315493,0.0916353294966944,0.480759452876442,0.987019846950917,-0.0809760898326144,0.444484583273394,0.725641378249713,-0.319775956946661,0.590362567678096,0.954144819440944
"TRDV2_ENST00000390469.1",0.399668840150715,0.0882063065618708,0.125663779211432,0.490089779497557,0.0475858313289153,0.0626446387114834,0.169774690268005,0.566549314098101,0.996470134738779,0.475391009529023,0.108537328251949,0.320934547472275,0.47686773904839,0.103630398487816,0.122472289121965,0.000512118781376098,0.759517194849828,0.963852886263489,-0.55438070675854,0.207797453006555,0.638803860655965,1.00609613734043,0.176967987362286,0.984954128501621,0.462455573037228,0.0384213478884806,0.0665970030066997,0.358220339347155,0.121625427551474,0.173683584060952,0.410143129735812,0.0853976621286117,0.135919395855232,-0.0633528537763935,0.706409988952981,0.727392463872376,-0.041436434090597,1.70708943311236e-14,1.77537301043685e-12,0.00504089971843117,0.0327658481698026,-0.0903171796054669,0.618461598759483,0.987019846950917,0.0392667143931749,0.838172890245861,0.974912412201223,-2.77821979437441,0.00223615138604403,0.0465119488297159
"TRBV7.3_TCRVB_019.1",0.145576257630731,0.445370534366569,0.492750378448119,0.280667034582853,0.163395297518798,0.195323114275345,-0.125420664559637,0.594457005764863,0.996470134738779,0.0940337900709485,0.646619332885933,0.730960985001489,0.53458665641386,0.00973198976570088,0.0142553089525759,0.000436225151034834,0.753066326720705,0.963852886263489,-0.0508575858623553,0.89311779958309,0.928842511566414,-0.627065196627518,0.328439858555481,0.984954128501621,0.160666185986337,0.370287984038448,0.409680322765942,0.13866110016062,0.457317416712659,0.511408724065769,0.0953213455565781,0.630017306859223,0.6754824733336,-0.319739101305787,0.00936894909978888,0.0207576689611431,0.00603131319532145,0.147911006350073,0.27469186893585,0.588791277766926,0.618528210987478,-0.0084279367376152,0.954476120143673,0.987019846950917,-0.0595872871063414,0.706756976065454,0.918784068885091,-0.0359322078501971,0.961507860767473,0.988933869033138
"TRAV23_TCRVA_031.1",0.307764831565804,0.0816969945769673,0.121378391942923,0.399448155236809,0.0291991245601331,0.0427705486514626,-0.0351527503455885,0.863892841407542,0.996470134738779,0.169608635295502,0.432149652579879,0.591362682477729,0.446833847114627,0.0522364009251393,0.0679073212026811,0.000166239327985494,0.899963308206965,0.963852886263489,-0.254584903689109,0.46114294135273,0.676271151429452,0.285997774933455,0.624545619438359,0.984954128501621,0.301875178527754,0.0743592056435073,0.107407741485066,0.27867909695935,0.110761996129988,0.166945617355344,0.291941204444643,0.0955556145498608,0.141968341616936,-0.22644530075849,0.0484493624533678,0.0680909958804088,-0.00649421022962507,0.0937569804518319,0.207789393540979,0.0908606608107583,0.160161164818964,0.0152420251528261,0.921092190093254,0.987019846950917,-0.146052061310858,0.318071606322749,0.649295331147515,-0.330612822541543,0.640903713655365,0.965999800292145
"TRBV5.4_TCRVB_007.1",0.281161477166639,0.0539312225453242,0.0984008271002406,0.329715728996136,0.0145083024745227,0.0247354665139404,-0.0737274703532582,0.700528765630476,0.996470134738779,0.214886488215276,0.247039974683003,0.405907506235676,0.424458022650383,0.00628492880742811,0.00947293617351483,0.00037687416531473,0.750850829688986,0.963852886263489,-0.391124115001912,0.177771547618259,0.638803860655965,0.363112902170163,0.458793752778196,0.984954128501621,0.271783759679211,0.0560420611216435,0.0883087023734989,0.255726799015463,0.0745284712115998,0.127677855198999,0.272157208155245,0.0604501571784195,0.105282561917567,-0.275339373065043,0.00384095783144522,0.0103231342358829,-0.00760383063475976,0.0182390260451515,0.0699473815109029,0.716878829503586,0.730935277140911,0.0813538140242054,0.521315025206458,0.987019846950917,-0.0707185259412208,0.566890743587469,0.796548452561518,0.153399859599481,0.808339259038515,0.984480251015208
"TRBV19_TCRVB_040.1",0.435286900263065,0.00197307697663071,0.0220758987927992,0.497054910768601,0.000341946266944284,0.00148176715675857,0.00787103734572097,0.963947837397458,0.996470134738779,0.348574528790546,0.0603117743985285,0.320934547472275,0.636714395169277,0.000233357070966323,0.000836866737258539,0.000434259482564351,0.698494590359385,0.963852886263489,-0.207407078713419,0.43127241551827,0.663918098594898,0.291835305298803,0.512782485307018,0.984954128501621,0.420603932917615,0.00152390729128693,0.0113204541638458,0.401709476900335,0.0041086878020528,0.0356086276177909,0.427083236265276,0.00222261946145323,0.0255462141752196,-0.258794045465531,0.00427617465277731,0.0108478287119764,-0.00700268116073252,0.022273928965045,0.0772162870788228,0.0134349867438167,0.0501725763558917,-0.0506230975100241,0.683415565097545,0.987019846950917,-0.159226918279006,0.132638998384378,0.615801918117267,-1.01126114567072,0.0808279509555874,0.548445970582491
"TRDV3_ENST00000535880.1",-0.0105572593921753,0.954129347382283,0.963392739104441,0.0600780128773017,0.74502974021605,0.759638166494796,-0.433110599008094,0.0672751250573527,0.996470134738779,0.118821732372571,0.601043780464099,0.702343294025464,0.229846680846595,0.306472904713246,0.318731820901776,0.000931492818846998,0.465808273236795,0.963852886263489,-0.339103477038364,0.311634136360576,0.638803860655965,0.219059627118552,0.698928366609637,0.984954128501621,0.0429060065130042,0.797229252448182,0.820909329253574,-0.0328085942874284,0.855315082743494,0.865181126698454,-0.0244695673815695,0.893183201886457,0.90185488345817,-0.367893129642986,0.00178009110802805,0.00789585523495288,-0.0133284989345097,0.000780385856191034,0.00811601290438676,0.000108644871959513,0.00188317778063155,0.0204358307896933,0.886109342459724,0.987019846950917,0.0720999890854049,0.59531911466775,0.81112084182023,0.481441994927639,0.487048683318239,0.954144819440944
"TRBV6.4_TCRVB_013.1",0.355051326627593,0.0458760301728483,0.0867474025086586,0.455534796091889,0.00770175972229998,0.0147330648885646,0.0720596126787142,0.749421124330427,0.996470134738779,0.251990364058584,0.199725930433357,0.358129254570158,0.514336593009033,0.00622575734195905,0.00947293617351483,-9.41578039544279e-05,0.945317253835345,0.963852886263489,-0.328122475739116,0.354848771948217,0.638803860655965,0.313687987543433,0.600876228228221,0.984954128501621,0.377881065138084,0.0211938302933971,0.0423876605867942,0.357899900580769,0.0427955139437156,0.0890146690029285,0.358659425562288,0.042078121564815,0.0875224928548153,-0.182956889822913,0.121947976618672,0.150983209146927,-0.0248989964570935,1.13220664618106e-10,3.92498304009433e-09,0.00407823844054597,0.0302954855583415,0.105805924881154,0.486921193320483,0.987019846950917,-0.0930985450777883,0.516570675706104,0.767476432477641,0.708074639255578,0.328786841394893,0.87676491038638
"TRBV2_TCRVB_001.1",0.447807619006258,0.00583345887386322,0.0275922411852399,0.566166610368543,0.000336799731178111,0.00148176715675857,0.0511781611914711,0.785438389126814,0.996470134738779,0.251631502533843,0.212989622545278,0.370174636752402,0.583052451921811,0.00389391397250084,0.0066388041498375,0.000189654308936908,0.881012418086795,0.963852886263489,-0.377469196274291,0.227637034966972,0.638803860655965,0.0469193523964691,0.929220670849725,0.984954128501621,0.414221703241089,0.00562108969947336,0.0182685415232884,0.410588773373277,0.0104954366762521,0.0478756525248864,0.418717110326923,0.0102979224353407,0.0434329726221006,-0.369887118558018,0.000273052639619384,0.0037405268786036,-0.00530944915761634,0.124975486755485,0.254851972991577,0.223733210435949,0.290853173566734,-0.0132443120669507,0.924750622099192,0.987019846950917,-0.185789417535393,0.133215188133027,0.615801918117267,-0.969931009849717,0.144007419833796,0.599070866508589
"TRGV4_ENST00000390345.1",-0.172969631351088,0.309685596678153,0.365992068801454,-0.0877884161097834,0.538099550481969,0.55408270544678,-0.59876136000252,0.0122199045590603,0.423623358047424,-0.0760091079365322,0.683529783306057,0.744245380277585,-0.00646973201590121,0.973018036228699,0.973018036228699,6.01189743483621e-06,0.99646009307452,0.99646009307452,-0.6556811540651,0.0492547479581739,0.638803860655965,0.3933101588979,0.483327440983104,0.984954128501621,-0.154204989494374,0.330180734168521,0.369234369392755,-0.167306898098967,0.314731546854261,0.371955464464127,-0.177478199406245,0.293948944653103,0.355473142371194,-0.0237119493081626,0.820682378000349,0.836774189333689,-0.00469413179347628,0.182878140589427,0.311792239693449,0.703250421761591,0.724139048150549,0.0374964603713143,0.798632198595196,0.987019846950917,-0.180760082207064,0.15818128840285,0.615801918117267,2.30369567634747,0.000905438546161867,0.0235414022002085
"TRBV7.7_TCRVB_022.1",0.265793203575987,0.034281694643344,0.0699077694687799,0.273689272916557,0.0229806204730109,0.0351468313116637,-0.135644924362708,0.381749738142063,0.996470134738779,0.19287623137903,0.180342584463344,0.34732645896644,0.503949565843408,0.000680496627963223,0.00178017722894135,0.00111369377647665,0.284899500561505,0.963852886263489,-0.403455834065898,0.101525094310222,0.638803860655965,0.170297730240221,0.68169950517382,0.984954128501621,0.257168980050586,0.0325010920855595,0.0593002381911963,0.247581161149362,0.0443970688407209,0.0905351992046073,0.280015873725836,0.025626458916224,0.0579380810279847,-0.169018765629227,0.0378834712662182,0.058804194204279,-0.00134120201277673,0.62654022321459,0.700647131336745,0.00992890578941266,0.0469366455499508,0.0257489402469023,0.8184856190379,0.987019846950917,-0.0833771287648203,0.396688371710432,0.7173045979135,-0.297182850941867,0.58112467667709,0.954144819440944
"TRGV3.5_ENST00000390346.1",0.0715332246643475,0.722872120307692,0.767129597061224,0.163539462502163,0.385570541485918,0.413517898708246,-0.278878932683623,0.278858106629098,0.996470134738779,0.0142173013755215,0.95772619374407,0.967024506304692,0.398378005642321,0.0955164360983342,0.114180567289963,0.00135815282005775,0.344152270478602,0.963852886263489,-0.464021352559197,0.237783312777562,0.638803860655965,0.305230465179109,0.645691804755402,0.984954128501621,0.120946505706433,0.536979006999986,0.564099158868672,0.0525516227421021,0.790433187740581,0.822050515250204,0.0620384613148812,0.754805648844543,0.784997874798325,-0.1972741250374,0.131119085993236,0.16042805815643,-0.00738186091689758,0.0939048220810191,0.207789393540979,0.0576245519642369,0.121806145832444,0.0137890675422398,0.930617978359918,0.987019846950917,-0.1052585763661,0.529947587039954,0.776261254255707,0.0859797160845251,0.911150387253902,0.987079586191728
"TRBV5.5_TCRVB_008.1",0.2977374777004,0.0424444401405511,0.0817448476780984,0.357098711224058,0.00514866710441191,0.0111554453928925,-0.0356083455130284,0.854356731324384,0.996470134738779,0.21771043773251,0.213562290434078,0.370174636752402,0.460509861749442,0.00165531955481963,0.00331999310662767,0.00020162716745065,0.866117905002365,0.963852886263489,-0.290897326154983,0.323978288283867,0.638803860655965,0.180376759897493,0.717445593318871,0.984954128501621,0.293690120005918,0.0314392898916383,0.0587783933566734,0.263742168198242,0.0694908155114216,0.122492284969286,0.288320556314095,0.0488638220423097,0.0923970453163673,-0.231808731640531,0.0114313843228727,0.0237772793915753,-0.00353749474163173,0.254685698559025,0.367879342363037,0.348234683221585,0.406925921966796,0.0268888123500345,0.848449606383023,0.987019846950917,-0.168143708601701,0.14337436883025,0.615801918117267,0.80412729783575,0.195051362655883,0.654365861813284
"TRBV12.3_TCRVB_032.1",0.296052413869028,0.0400530424625018,0.0785946493603809,0.414690985764469,0.00226788974802978,0.00612943482336416,-0.0128579098385502,0.94245238036536,0.996470134738779,0.11514459013142,0.558970072674152,0.700396235639901,0.524313080595877,0.000528745976127901,0.00161734063286182,0.000124281615301937,0.920386886875677,0.963852886263489,-0.528473726812506,0.0660357619069415,0.638803860655965,0.211884829454009,0.66150780204355,0.984954128501621,0.315228982148179,0.0264918674965822,0.0519840418800858,0.261296661351329,0.0686111123175161,0.122492284969286,0.283897059056911,0.0479414690869625,0.0923317182415573,-0.326339373944186,0.000734477693786112,0.00491460324217274,-0.00456453207273684,0.164978748167929,0.298594531131355,0.0976629598525732,0.166507341387994,0.0467871210342402,0.738848668483249,0.987019846950917,-0.220868358269867,0.0688109013348638,0.575175663851679,0.00899895120397893,0.988933869033138,0.988933869033138
"TRAV11_TCRVA_017.1",-0.289589747561978,0.0636167742040143,0.105908020184264,-0.117462644140096,0.388653034088729,0.413517898708246,-0.630295502100545,0.00130837680158783,0.136071187365134,-0.351025153186205,0.0318347179984307,0.320934547472275,-0.117324762259278,0.474442439745319,0.4790486770244,-0.000411106196423641,0.754509176963576,0.963852886263489,-0.61015273130159,0.055286662392325,0.638803860655965,0.573301811943815,0.285224907846417,0.984954128501621,-0.256098760437467,0.0849773481197089,0.11783525605933,-0.274159457744113,0.0754198118143038,0.127677855198999,-0.289167983272116,0.0604284256891084,0.105282561917567,-0.213553094793496,0.0295546767221469,0.0495490048415823,-0.000887213259388165,0.789555863064784,0.835743117493364,0.454276681624423,0.50800833213914,-0.0463972292910236,0.754670148591391,0.987019846950917,-0.0339577447735976,0.788881499325643,0.974912412201223,1.6778477813065,0.0135236322206494,0.175807218868442
"TRBV7.9_TCRVB_024.1",0.308095676583887,0.0517927288429388,0.0961864964226006,0.377396957959418,0.0194146451515518,0.0310634322424829,0.0162935066942916,0.93465052802087,0.996470134738779,0.221190895614458,0.271343889125512,0.415187717888644,0.580354761926865,0.00456245801820889,0.00753167672847182,0.00111014728311716,0.379639336601953,0.963852886263489,-0.313593313627073,0.291591065394547,0.638803860655965,0.44702746213678,0.37412892309176,0.984954128501621,0.325651520555696,0.029801060004731,0.0573946340831856,0.301551924900795,0.0562263628329712,0.109526374135917,0.307031435346178,0.0498178057572591,0.092518782120624,-0.106336260202126,0.299203957961064,0.338230561173377,-0.00440148652057504,0.202581538690786,0.323738741671413,0.00637720321654188,0.0349067965537029,0.0356920112237614,0.778984117801577,0.987019846950917,0.0845880147729841,0.489427887742214,0.748536769488091,-0.971885144431819,0.136637306214208,0.599070866508589
"TRBV28_TCRVB_045.1",0.219976751774749,0.344417458608242,0.40246534489053,0.528213688829361,0.0226355417725043,0.0351357663334395,-0.214903441039104,0.464280950469732,0.996470134738779,0.155879075921595,0.585113666446074,0.702343294025464,0.385267410069992,0.180963292740196,0.202367553171832,-0.00126379795070061,0.442896339854765,0.963852886263489,-0.216736303511556,0.626564759736166,0.765543879568724,-0.815106611545243,0.280373001389292,0.984954128501621,0.253523734822352,0.254333270247659,0.300575683019961,0.209868787821931,0.356576986844842,0.416674231818692,0.130373501777684,0.587787417312298,0.643472541057673,-0.471804374201236,0.00220172886359263,0.00789585523495288,-0.00523053424748746,0.317860552318901,0.414161523863676,0.0882966191284627,0.158324972230347,0.154932825027951,0.381997789202984,0.987019846950917,0.0211995081469756,0.91352362264772,0.987642693446716,0.114014324060881,0.897732908278011,0.987079586191728
"TRBV24.1_TCRVB_042.1",0.285689015076318,0.106367025834079,0.147495609156589,0.418868898406067,0.0100673868298768,0.0183685654439857,-0.201674551253696,0.377186777898354,0.996470134738779,0.256338028751659,0.217581227960668,0.370958159146056,0.600919845048499,0.00293758004348081,0.00535979516705271,9.95183652863028e-05,0.939731656066367,0.963852886263489,-0.175822117126878,0.604910748580755,0.765543879568724,-0.108845699755788,0.849850068156274,0.984954128501621,0.316592118423492,0.0480090357707644,0.076814457233223,0.263508953418317,0.127904941371157,0.177361518701338,0.240343331153177,0.179105553385851,0.229962685828747,-0.0841920134302052,0.437582112429556,0.484133400985891,-0.0072759288505491,0.0461358925689506,0.134082734178313,0.266552020351324,0.322341978099275,0.0715721493679156,0.62082717428618,0.987019846950917,-0.136250179056618,0.316232180082039,0.649295331147515,0.310406837049726,0.654632946536837,0.96819473687538
"TRBV6.2_TCRVB_012.1",0.387522162698199,0.0206557818500708,0.0477378069423858,0.477407664652611,0.00629781275757658,0.0128425985644699,0.0921614970545731,0.649657665439431,0.996470134738779,0.362989964188678,0.0502352083598708,0.320934547472275,0.779436944962357,9.29614025934476e-05,0.000488191509976224,0.0007215520026262,0.592452975220111,0.963852886263489,0.139075683947813,0.674870552144249,0.776082154890963,0.169749862791855,0.762230076249651,0.984954128501621,0.427984641322162,0.00679265677763811,0.0196232306909545,0.405920403998366,0.0135168623564572,0.0478756525248864,0.379161651564357,0.0219815158901321,0.0544304202993748,-0.207985393107715,0.055608673247329,0.0751078184119768,-0.0105066997336179,0.00401210903618217,0.0295941718525505,0.0111037476955101,0.0480834724072925,0.0524937620477029,0.724130838468275,0.987019846950917,-0.0320059880020667,0.808994913015021,0.974912412201223,1.41697622609721,0.0417230146451185,0.333784117160948
"TRBV14_TCRVB_036.1",0.324917619029882,0.0304269886731334,0.0645797310613444,0.331288862293005,0.00665857398309825,0.0133171479661965,-0.00491770467489878,0.978529358188965,0.996470134738779,0.231247964435348,0.188124788281192,0.348689825114389,0.612905757536964,0.000687260146052783,0.00178017722894135,0.00126141384201989,0.320455105483298,0.963852886263489,-0.473956636273741,0.120538390000973,0.638803860655965,0.0575250235457984,0.910988295049624,0.984954128501621,0.33754086777982,0.0208238928147001,0.0423876605867942,0.302013551279704,0.041103504243859,0.0872400906400273,0.304156412338474,0.0429474614048276,0.0875791369823934,-0.128538293341468,0.193567970500777,0.231391596920469,-0.00799305663733619,0.0161908246528692,0.0673538305559358,0.189591065975555,0.26159571272114,0.00985847671507049,0.944938532339771,0.987019846950917,-0.17897014521246,0.160469259334691,0.615801918117267,0.0666043329835697,0.920733042601343,0.987177695160202
"TRBV13_TCRVB_035.1",0.394070280144767,0.00610213026212036,0.0275922411852399,0.503690345592373,0.000436186202351694,0.00174474480940678,0.0644761959602634,0.721111171712436,0.996470134738779,0.273137286140459,0.109189592092038,0.320934547472275,0.558220453822161,0.000460774277684694,0.00149751640247525,-0.000228032326920072,0.842306635142372,0.963852886263489,-0.201927718359185,0.471942923412596,0.676271151429452,0.461925544850871,0.331279625478794,0.984954128501621,0.386530103363889,0.00411728616315093,0.0167028936621821,0.372528193989184,0.00873974888044855,0.0478386254508763,0.381926316497582,0.00790304210817785,0.0410958189625248,-0.184654572804292,0.0454414040958481,0.0656375836940028,-0.00762161329029335,0.0142225009776298,0.0643104392031956,0.0113113635849837,0.0480834724072925,0.020817855337633,0.868566776397522,0.987019846950917,-0.116040656896037,0.296944336947614,0.649295331147515,0.48235131439407,0.423461716332049,0.954144819440944
"TRAV8.6_TCRVA_013.1",0.397275421074027,0.00445950825672238,0.026123098477537,0.516451330803839,7.4637134804353e-05,0.000862473557739191,0.0049477626394963,0.977377758402887,0.996470134738779,0.322890433477692,0.0636311332815363,0.320934547472275,0.610073582522003,5.58061697611514e-05,0.00043552753607821,0.000597903256624138,0.597137772969967,0.963852886263489,-0.219254123209959,0.423130807937527,0.663918098594898,0.34759115164468,0.453016679253048,0.984954128501621,0.417023609779697,0.00133433744781299,0.0113204541638458,0.371888665132897,0.00736593809962361,0.0449420168425304,0.383529256149727,0.00562161616794211,0.0343910636156458,-0.259666442558881,0.00330978443946557,0.0101240465207182,-0.00231576048824791,0.440613813757971,0.532835309660802,0.0330489782301702,0.0881306086137871,0.033521304471146,0.787095867239992,0.987019846950917,-0.184519326358094,0.0782267860346619,0.575175663851679,0.424003834546726,0.464526131251861,0.954144819440944
"TRGV8_ENST00000390343.1",0.0535607827245905,0.769453169150639,0.800231295916665,0.159895838623206,0.362810771672825,0.401407662276317,-0.275932241542859,0.231990774303684,0.996470134738779,0.0944901253090193,0.645339434431272,0.730960985001489,0.324338114692362,0.155668686590585,0.17790707038924,0.00135619297582079,0.322278576586118,0.963852886263489,-0.163423799863312,0.643380528483525,0.769098562784903,-0.0254465164206849,0.966012702953512,0.984954128501621,0.124314272069966,0.456367974892678,0.49086634194684,0.0510527611960855,0.774790101567682,0.822050515250204,0.0436895747532458,0.809078156549625,0.833110181001594,-0.222318255705652,0.0477489391932259,0.0680258859739108,-0.00911303506910378,0.0159974355599027,0.0673538305559358,0.0115585270209838,0.0480834724072925,0.126311912949582,0.388136210285668,0.987019846950917,0.0246601492230905,0.858952190948706,0.974912412201223,-0.914421013766247,0.202655541792672,0.658630510826183
"TRAV14_TCRVA_023.1",0.240370878666811,0.118745322396482,0.158327096528643,0.344617337514368,0.0191462063877807,0.0310634322424829,-0.167634340650886,0.386156980434547,0.996470134738779,0.180623521901746,0.338907337323552,0.482930386165849,0.502408049918132,0.0058181746216606,0.00916803273716215,0.0011182939778751,0.369995160664169,0.963852886263489,-0.0830032536416851,0.784085395234801,0.832090623514483,0.081527000902371,0.873647895561529,0.984954128501621,0.260258274218687,0.0770978015072881,0.109837963791205,0.223038006077026,0.141057857670129,0.190519703866149,0.222196334426104,0.147324241614564,0.198983391271619,-0.339559181188655,0.000611183382040588,0.0048894670563247,-0.00503186796829487,0.135457054157206,0.257455773673556,0.117400422795573,0.184994605617266,-0.0601229056553965,0.653925593426991,0.987019846950917,-0.126284690343454,0.309048788221788,0.649295331147515,0.415239820713707,0.525096301995626,0.954144819440944
"TRAV27_TCRVA_036.1",0.278255269144007,0.0619956948340033,0.105908020184264,0.342140351372389,0.033571014170521,0.0465518063164558,-0.0087736264725938,0.964117693464408,0.996470134738779,0.276523105527875,0.186961745621831,0.348689825114389,0.633805219028657,0.00106277113494132,0.00240278691378039,0.00168851011889492,0.161385448964174,0.963852886263489,-0.10899910248574,0.692141947619348,0.776082154890963,0.273449223323515,0.557390017559083,0.984954128501621,0.295737333134069,0.0415940340611994,0.0678669644184814,0.272017983253191,0.0665387489250536,0.121404033126414,0.275501790847608,0.0615327614713587,0.105282561917567,-0.309879636713008,0.00156705582949624,0.00789585523495288,-0.0042194398804855,0.205140145506143,0.323738741671413,0.0433492100539683,0.102461769218471,0.0497807199266689,0.720505422363254,0.987019846950917,-0.0968671260198709,0.408182862043791,0.7173045979135,-0.0107203065757066,0.986331617827492,0.988933869033138
"TRAV9.2_TCRVA_015.1",0.388534632709345,0.0101025696054599,0.0337959594757002,0.519960366990556,0.000113081290064889,0.00106913219697713,-0.0812638871078767,0.672376335412889,0.996470134738779,0.317980551401984,0.074743164166698,0.320934547472275,0.672057983917727,2.25226723859029e-05,0.000260261992014878,0.000891126122425674,0.459156766362246,0.963852886263489,-0.201010793223672,0.496412571744005,0.686340613967536,0.412144073573787,0.410131706334692,0.984954128501621,0.396411285218542,0.00433632816229728,0.0167028936621821,0.362358587880803,0.0147424206027712,0.0478756525248864,0.378754155411155,0.0111158129998521,0.0444632519994083,-0.273814348349423,0.00329432119503864,0.0101240465207182,-0.00158884762590783,0.615771727555645,0.696089778975946,0.0842669016475923,0.158324972230347,0.0111428638111299,0.933055367055449,0.987019846950917,-0.0954561973298368,0.375985412021083,0.698258622324868,-0.640287334103063,0.289516068290084,0.813774894653208
"TRBV20.1_TCRVB_041.1",0.250084148289999,0.0672108589630908,0.105908020184264,0.361983861749639,0.00378498533413361,0.00855735814673687,-0.0621324008936081,0.717131733485213,0.996470134738779,0.121870317676177,0.461351623502872,0.607348972712641,0.43492792248023,0.0079460060306202,0.0118054946740643,-7.76873013223984e-05,0.944893241884709,0.963852886263489,-0.274682903991882,0.307084852037647,0.638803860655965,0.0541119612738019,0.905203049347894,0.984954128501621,0.236407144872988,0.0666578094495038,0.101947237981594,0.233797106911849,0.0816435015212133,0.132670689971972,0.231477275172739,0.0901227966550569,0.13783486547244,-0.244098525535022,0.00476355181359492,0.0115211485724156,-0.0043694902763186,0.136154495692746,0.257455773673556,0.235724384382307,0.298967511899511,0.000109683039844774,0.999300055523099,0.999300055523099,-0.0928823498013315,0.36797412288379,0.698258622324868,-0.336071201732079,0.558858368323564,0.954144819440944
"TRAV34_TCRVA_039.1",0.384200031964151,0.0184018277340602,0.0453551062803072,0.3681635592472,0.0150066182489058,0.0251723919013904,-0.0788819388957924,0.704325350667499,0.996470134738779,0.361732834340706,0.06697255105767,0.320934547472275,0.640502410837121,0.000570433531607973,0.00164791909131192,0.00155896051239546,0.206881787692502,0.963852886263489,-0.539998871223652,0.0826802977452515,0.638803860655965,-0.199934493329558,0.702839101450875,0.984954128501621,0.39621455034123,0.00935354657401179,0.0237260693584689,0.357522795745047,0.0250500376917666,0.0605861376731099,0.340880170619934,0.0388450574621899,0.0824466525728111,-0.211507058071346,0.0393924326156997,0.0600075150850911,-0.00163662883094873,0.637743058178425,0.705588064367619,0.541486016142588,0.574638221212543,-0.136012177174936,0.338022978102047,0.987019846950917,-0.182783312351474,0.150742696669306,0.615801918117267,0.628004284883701,0.350947782699168,0.890209009773499
"TRBV7.6_TCRVB_021.1",0.421552467166788,0.0036790846996246,0.0248109028374689,0.533772391950612,0.000151301007304852,0.001097554777017,0.0567573460444202,0.749182700459609,0.996470134738779,0.312808730655361,0.0630986589999608,0.320934547472275,0.49665313275802,0.00169357310282405,0.00332323778667361,-0.000454964060140951,0.698051286512207,0.963852886263489,-0.285278835587256,0.32158514475233,0.638803860655965,-0.141894790943939,0.770481599039108,0.984954128501621,0.396238245537357,0.00326164541851919,0.0144890814518723,0.391945027717896,0.0063428110172151,0.0412282716118982,0.403694309480491,0.00555348196816993,0.0343910636156458,-0.234989711998889,0.00991523775287857,0.0214830151312369,0.000239432111779916,0.938274231207736,0.947383689763151,0.0406528099965681,0.100335553983016,0.033781338171135,0.79011746312793,0.987019846950917,-0.0184175684463827,0.869251616836444,0.974912412201223,-0.014216390665637,0.98135552088098,0.988933869033138
"TRAV10_TCRVA_016.1",0.351216548224549,0.0162001013234872,0.0432002701959658,0.434706395054615,0.00291541626882604,0.00721912599899782,-0.121676650637398,0.515376475358492,0.996470134738779,0.321166041013094,0.0876345471305947,0.320934547472275,0.650603271373085,0.000186605425076587,0.00069310586457018,0.00112894920277209,0.325688036512328,0.963852886263489,-0.105767632933553,0.700149978141152,0.776082154890963,0.0105965232494706,0.981807431961903,0.991339542951825,0.380274544315312,0.00508049527379404,0.0176123836158193,0.329396594442176,0.0231115729471054,0.0586244777194868,0.339612625452036,0.0186091228066782,0.0483837192973634,-0.348770197617537,0.000177562253923425,0.0037405268786036,-0.00901421781643123,0.00426839017104093,0.0295941718525505,0.0271908619606023,0.0777125251596078,-0.02273558069716,0.85838554224018,0.987019846950917,-0.1523017700344,0.147234434226762,0.615801918117267,0.107982732290227,0.853525263078234,0.987079586191728
"TRAV22_TCRVA_030.1",0.348809830535575,0.0103987567617539,0.0337959594757002,0.348333700564515,0.00236512243223332,0.00614931832380664,-0.0539489233409786,0.752732760418732,0.996470134738779,0.358557676416942,0.0241975175385596,0.320934547472275,0.553956298032792,0.000167364133903231,0.000644661849108741,0.00151530284161601,0.163632398483479,0.963852886263489,-0.420766659523004,0.120497334795925,0.638803860655965,0.306951224671418,0.501903672992479,0.984954128501621,0.389475789458511,0.00242226629208407,0.0132587207566707,0.317377180151029,0.0188666713026441,0.0533877699394724,0.33091964005137,0.0146595092115599,0.0453498768123194,-0.166131886631345,0.0547371478884125,0.0749034655315118,-0.0015695687647614,0.591709329738461,0.677120937449663,0.228051720511522,0.292807147323436,0.002931915864188,0.981059798276293,0.990584650686742,-0.108807007114991,0.3184044412358,0.649295331147515,0.893648643371825,0.123106652895019,0.599070866508589
"TRBV5.1_TCRVB_006.1",0.336138927678335,0.0143169943151209,0.0402423623992586,0.412093061796706,0.00120355663715735,0.0039115590707614,-0.0740911089620775,0.652570849176666,0.996470134738779,0.250958058133014,0.153830096560137,0.336187398715091,0.507536175901681,0.00150276959902089,0.00318955180200352,0.000328308274225145,0.769538964106959,0.963852886263489,-0.517124681987448,0.0528114639658416,0.638803860655965,0.243645052194351,0.587633930759159,0.984954128501621,0.336900990255204,0.00854887536739214,0.0227970009797124,0.289972094057495,0.0360986923534325,0.0816144348860213,0.328680285637613,0.0162330452736495,0.0456280191475554,-0.255826587384276,0.00353176307603405,0.0103231342358829,-0.00449355319556177,0.130860931088213,0.257455773673556,0.183463766699199,0.257840969415091,0.0514066551563899,0.679695720058606,0.987019846950917,-0.152434661305135,0.149941675010864,0.615801918117267,-0.23814415824249,0.682569113215331,0.96832863326465
"TRBV30_TCRVB_047.1",0.431040884092853,0.0796864520590725,0.120107116147008,0.416742566106426,0.109198848109053,0.136827472329416,-0.199458746428598,0.538427905855359,0.996470134738779,0.406983709045455,0.140094721425453,0.336187398715091,0.476140082796629,0.110194222763001,0.128766282779238,0.000593969562423581,0.722757581487811,0.963852886263489,-0.0384271410388487,0.934956210360767,0.953288685073724,0.940177250162566,0.23919708829404,0.984954128501621,0.384674671249501,0.0990826758130048,0.130437952969019,0.409557435641068,0.0894142425085787,0.138792257028242,0.453277165348048,0.0617847411201993,0.105282561917567,-0.109022986974961,0.480260900461183,0.520282642166281,-0.000606855846915034,0.907327269501174,0.925118000275706,0.277680638791644,0.330865277442775,0.0322294873677172,0.85409917737054,0.987019846950917,0.108491761328116,0.574433980212633,0.796548452561518,-0.512718266411739,0.565992295754895,0.954144819440944
"TRAV24_TCRVA_032.1",0.351319236758369,0.0191886988108992,0.0453551062803072,0.4247986128759,0.00176730227430421,0.00525141247221821,-0.0979770678857464,0.602959704047745,0.996470134738779,0.194218885366969,0.274824351899586,0.415187717888644,0.581876391598804,0.00114106131755672,0.00252490163884892,0.000806998885742769,0.505524150105473,0.963852886263489,-0.380720203245814,0.197102519512151,0.638803860655965,0.186522921972749,0.708147025801665,0.984954128501621,0.360124564590068,0.0106393910776358,0.0263451588589076,0.307417424718584,0.0401421943576982,0.0869747544416795,0.330851777842397,0.0271572988461695,0.0600927463830133,-0.232712447651551,0.0152654465594555,0.0298788830745792,-0.000842680265596284,0.795563159921568,0.835743117493364,0.10657446546518,0.173183506380917,-0.0181931898164884,0.895882506104518,0.987019846950917,-0.137736854919936,0.24936298076771,0.649295331147515,0.973876453741975,0.124730333924541,0.599070866508589
"TRBV4.2_TCRVB_004.1",0.322424964469062,0.0662286595391731,0.105908020184264,0.35405110932925,0.0317445384628277,0.0446139459477579,-0.125989108730818,0.570421936810894,0.996470134738779,0.210596842803361,0.285105625296137,0.423585500439975,0.609563073136421,0.00511656828456262,0.00818650925530019,0.00125230696761391,0.37772278052351,0.963852886263489,0.121738047932499,0.727465408546635,0.796383184093159,-0.714056083228925,0.228190724079976,0.984954128501621,0.280922484017627,0.097408764637192,0.129878352849589,0.328603834602181,0.0579226017064945,0.109526374135917,0.260016288652951,0.162599750428713,0.214055367652989,-0.429096283418328,0.000359666046019577,0.0037405268786036,-0.011991137161374,0.00322764935184677,0.0258211948147742,0.479242652876983,0.530225913821342,0.09291415834814,0.586164356429976,0.987019846950917,-0.12371479514804,0.416343051755022,0.7173045979135,0.136041329430199,0.858700691435683,0.987079586191728
"TRBV27_TCRVB_044.1",0.397642630135926,0.00502193321558881,0.026123098477537,0.55696966984991,4.69737615031299e-05,0.000610658899540688,-0.0172087872507747,0.923538528047181,0.996470134738779,0.311679885800415,0.0873105075535501,0.320934547472275,0.606937136749553,0.000519989471693559,0.00161734063286182,-0.000218686631256548,0.856230723162787,0.963852886263489,-0.256994088122497,0.353967127851573,0.638803860655965,-0.0229301309763054,0.960969345865038,0.984954128501621,0.419443518010932,0.00264275206153486,0.0137423107199813,0.35992096247938,0.0105940865177745,0.0478756525248864,0.351289457993275,0.0169829812898782,0.0464797382670351,-0.285081793311643,0.00368036546338746,0.0103231342358829,-0.00577015177784802,0.0828601520700281,0.200405949192626,0.0050109519824344,0.0327658481698026,0.0301795553353519,0.818861910732528,0.987019846950917,-0.0840872330400428,0.488494642200401,0.748536769488091,-0.681365097247578,0.288677652213421,0.813774894653208
"TRBV6.6_ENST00000390371.1",0.158768366026047,0.292131676631591,0.349214877812477,0.296825747171716,0.0418924548122083,0.0565820168892164,-0.252744026297188,0.193129674868711,0.996470134738779,0.0501749612030809,0.784900287191316,0.824541715837343,0.383197367102139,0.0195745027200609,0.0275101119308963,0.000461457925705983,0.706533863523766,0.963852886263489,-0.19659096605319,0.507723407226001,0.686340613967536,-0.0580381432178925,0.907949191091148,0.984954128501621,0.170429938251136,0.223129327068353,0.266729310518491,0.135446392115521,0.363679489098722,0.420251854069635,0.141565503599909,0.345469677567642,0.408282346216304,-0.271598333898622,0.00427654785760608,0.0108478287119764,-0.00811381229885166,0.0115389261428494,0.0600024159428167,0.181489728029587,0.257840969415091,-0.00794896269907995,0.953781345516521,0.987019846950917,-0.230016731023148,0.0362491812848759,0.575175663851679,0.33045449461485,0.593155726075784,0.954144819440944
"TRBV9_TCRVB_025.1",0.325980063160236,0.0386759219398168,0.0773518438796336,0.405815963874644,0.0077915247006832,0.0147330648885646,-0.132292118934974,0.490227398762227,0.996470134738779,0.321971803077748,0.0861495970389022,0.320934547472275,0.6796745870731,0.000112659579225282,0.000488191509976224,0.00154286695980267,0.229676555099276,0.963852886263489,-0.225720626712208,0.469657935814502,0.676271151429452,0.238917643924027,0.65096021997545,0.984954128501621,0.349323995790368,0.0181142394770217,0.038348153349668,0.297286882408516,0.0570815269761089,0.109526374135917,0.315347189962384,0.0448078770535042,0.0883510748402774,-0.200164846326095,0.0450694412533642,0.0656375836940028,-0.00428631511831738,0.204320983190808,0.323738741671413,0.147678330590238,0.216317554667392,-0.100067655532284,0.474807393721089,0.987019846950917,-0.242519194306646,0.0443920662979552,0.575175663851679,0.0874800814519678,0.895391302476076,0.987079586191728
"TRBV6.9_TCRVB_017.1",0.199162193619894,0.149975845893342,0.194968599661345,0.276659116170225,0.0315810159146079,0.0446139459477579,-0.0835394963678079,0.611289251734877,0.996470134738779,0.0699278379862754,0.686995735640848,0.744245380277585,0.413220853820634,0.00598292958994645,0.00928693548290195,0.000497850795007226,0.656821762263403,0.963852886263489,-0.341143868743959,0.213776023836878,0.638803860655965,-0.0891235649885961,0.847427437326599,0.984954128501621,0.219049615912904,0.0886759520230349,0.121346039610469,0.174872222224481,0.199621646807691,0.251230583002712,0.180649154608607,0.191254319054199,0.242566453434594,-0.259513521215251,0.00301268230184528,0.0101070632061906,-0.00748596942900835,0.0113700204261991,0.0600024159428167,0.0869523443429368,0.158324972230347,0.0507876805858152,0.685910754349476,0.987019846950917,-0.191895711164222,0.0615737557774926,0.575175663851679,0.799130412581473,0.165371816155205,0.614238174290763
"TRBV18_TCRVB_039.1",0.25530515001819,0.0661060136839726,0.105908020184264,0.355754829800784,0.00438580400439895,0.00970475779696789,-0.167592635702925,0.323359316466828,0.996470134738779,0.194085066136393,0.275461082060735,0.415187717888644,0.495647451550237,0.000949969998259998,0.00221688827755889,0.00078932891895441,0.498741149522352,0.963852886263489,-0.174239055613686,0.529900530196758,0.697590571398264,0.145529613814562,0.756446016219081,0.984954128501621,0.275879273301708,0.0380835079580855,0.0665970030066997,0.227378210229927,0.0985049925944086,0.150654694556154,0.237949032211128,0.0862565396773591,0.135919395855232,-0.314755794972298,0.000473570796380076,0.00430193936801286,-0.00371735123378319,0.225359439346549,0.342051574636031,0.500777114581654,0.542508540796792,-0.0459743141889826,0.732147584162468,0.987019846950917,-0.195625211847508,0.0732082630995789,0.575175663851679,-0.113085003526434,0.851867159915211,0.987079586191728
"TRBV7.4_TCRVB_020.1",0.664422575587658,1.21102388976058e-05,0.00125946484535101,0.663606339146555,6.91520245889236e-07,7.19181055724806e-05,0.403466430228803,0.0356545724665892,0.927018884131319,0.76624554183879,2.00012253094707e-05,0.00208012743218496,0.778750662621955,1.72333613295561e-05,0.000256038511181976,0.000458179171067192,0.722830593802206,0.963852886263489,-0.41163291700491,0.170897339292943,0.638803860655965,0.239491335868435,0.636889927338924,0.984954128501621,0.685163521585749,2.71799786913973e-06,0.000282671778390532,0.63697642017364,2.37703537227107e-05,0.00247211678716192,0.66376855302267,1.0037359741018e-05,0.00104388541306587,-0.366226183868258,0.00032616381349889,0.0037405268786036,-0.00133975717526609,0.699907514104956,0.766214541757005,3.15140526716862e-06,0.000163873073892768,0.0399417266894905,0.755298273285845,0.987019846950917,-0.0696707292967421,0.554209937269404,0.789559362685179,1.54368372024473,0.0175758121728686,0.203098273997593
"TRAV38.2_TCRVA_043.1",0.513549552266405,0.00071625996733701,0.012882669617529,0.597799992607319,7.86236745204128e-06,0.000272562071670764,0.0738140230607586,0.690690059989657,0.996470134738779,0.455620008602142,0.00480338724964712,0.212348303714345,0.792960936050446,2.69906305371241e-05,0.00028070255758609,0.00148480180469383,0.235807527007839,0.963852886263489,-0.249295396324127,0.412813224708979,0.660501159534366,0.142194690510095,0.782334614344671,0.984954128501621,0.5296127726332,0.000216693513137854,0.00503636408021016,0.491055867732576,0.00101208456889948,0.0258404382923342,0.49477534664482,0.00101268567362669,0.0197800616262674,-0.197540395609645,0.0410492998131196,0.0609875311509206,-0.00344956147242283,0.291570748371952,0.404311437742439,0.0481969842934511,0.110677650459599,0.042557010209578,0.763714783012047,0.987019846950917,-0.0983229423839063,0.404930984056964,0.7173045979135,-0.614412237407962,0.341120464818007,0.886913208526818
"TRBV3.1_TCRVB_002.1",0.23697612805323,0.168632883709514,0.211465508942581,0.355038343520349,0.0395282046546008,0.0540912274220853,-0.192522768624704,0.394805659300535,0.996470134738779,0.071846246855615,0.750764636038011,0.804943527298486,0.443942131228201,0.0304543084489363,0.0411330919310308,0.000153079151434432,0.909091870782722,0.963852886263489,-0.338965852008004,0.295462508330767,0.638803860655965,0.62860614307633,0.251823692856793,0.984954128501621,0.220476487510221,0.172362396041349,0.215972158895185,0.205279153819509,0.227372354210902,0.281508629023021,0.254850906536764,0.136180550356051,0.18774922248131,-0.247290025390768,0.0223174477727789,0.0393392299723561,-0.00627620414226773,0.0862535054800462,0.201604584972607,0.195286132816787,0.263763088479817,-0.0810055886119121,0.591682359490121,0.987019846950917,-0.171905072280778,0.189477513266851,0.615801918117267,-0.207380165656757,0.767349344845095,0.984480251015208
"TRAV21_TCRVA_029.1",0.379296139577885,0.0183224189614484,0.0453551062803072,0.474739379486249,0.00201542489362059,0.00582233858157059,-0.0115476252843492,0.953850221842604,0.996470134738779,0.296266098594878,0.126469509410974,0.320934547472275,0.760460113367582,2.08410653226555e-05,0.000260261992014878,0.00193220168837194,0.141012673882501,0.963852886263489,-0.305235924228352,0.334029225099708,0.638803860655965,0.0640395917247893,0.904531112365702,0.984954128501621,0.41154736693782,0.0063414123110547,0.0196232306909545,0.351281256704643,0.0270533557688707,0.0639442954536944,0.359296793970615,0.0250416554211656,0.0578740480844717,-0.307431012481293,0.00316656283277444,0.0101240465207182,-0.00695474033725428,0.0487662492839074,0.135843812203991,0.00135105012214422,0.0156121347447776,0.0564786523933862,0.69931442571864,0.987019846950917,-0.157729132475039,0.188285768909749,0.615801918117267,-0.424835560344181,0.526994132505008,0.954144819440944
"TRAV16_TCRVA_024.1",0.55084899023704,0.000329572554222383,0.012882669617529,0.618066859566691,1.59026314247891e-05,0.000413468417044517,0.125195324473776,0.500001139867805,0.996470134738779,0.464207505855642,0.0201133709561797,0.320934547472275,0.673748082745249,8.6564921829786e-05,0.000488191509976224,0.000161818238178951,0.896013596535831,0.963852886263489,-0.262593257919984,0.378502516687567,0.638803860655965,0.739629572889789,0.143687861341905,0.984954128501621,0.528236119274683,0.000290559466165971,0.00503636408021016,0.513622101281565,0.000731069970537238,0.0258404382923342,0.570293798040097,0.000197797876992683,0.0102854896036195,-0.281145536966021,0.00447668287715961,0.0110851195053476,-0.00298619217248241,0.373831005163776,0.468414753458226,0.0489535761648226,0.110677650459599,0.0198966402073647,0.883861340208458,0.987019846950917,-0.131153080717797,0.292201894711246,0.649295331147515,0.413076494037319,0.525892492593732,0.954144819440944
"TRGC2_ENST00000436911.1",-0.0512303701281991,0.767985897274919,0.800231295916665,0.0275606453457678,0.865408663472639,0.873810689331597,-0.375220894849234,0.0913626596927608,0.996470134738779,-0.0903067431659094,0.673466702031104,0.744245380277585,0.386038210404768,0.0908877730466154,0.111203863492329,0.00194903044456178,0.150132309535382,0.963852886263489,-0.34125865581534,0.310135193080773,0.638803860655965,0.0673840517525654,0.905579476955183,0.984954128501621,0.0084354422469988,0.959910072694461,0.959910072694461,-0.0613411709155246,0.718418320046378,0.770262941080653,-0.0594202524273291,0.729413045866142,0.774070987449783,-0.326718726114068,0.00374363567414822,0.0103231342358829,-0.00824081873015638,0.0307413200761194,0.0999092902473881,0.0747054475290797,0.146591821566496,0.0290151838630449,0.846721891195957,0.987019846950917,0.00985541247443158,0.945020386385854,0.987642693446716,-1.06564792491553,0.13918199939893,0.599070866508589
"TRAV6_TCRVA_007.1",0.297187134934542,0.0584894065587447,0.104877556588094,0.357501143263656,0.014089332265752,0.0244215092606369,-0.20190226271367,0.296005858370624,0.996470134738779,0.266434285368432,0.16558742764796,0.344421849507757,0.588109395379524,0.000557548832268293,0.00164791909131192,0.00141886045708788,0.264886802618779,0.963852886263489,-0.176412865938221,0.569985088358926,0.736520602866598,0.189178669937762,0.718807083403979,0.984954128501621,0.302134748222643,0.0404689607983596,0.0678669644184814,0.274551242970364,0.0761156444455572,0.127677855198999,0.288761946674643,0.0627646042200878,0.105282561917567,-0.325734473980661,0.000936351069163564,0.00542103027746608,-0.00309249381563858,0.355918165103317,0.45576746112498,0.145474382399329,0.216133368136146,-0.0652360620268481,0.635467749492274,0.987019846950917,-0.127578051709815,0.276649543337258,0.649295331147515,-0.285730926268665,0.660979099213,0.96819473687538
"TRAV8.3_TCRVA_011.1",0.351166542172129,0.010109137132395,0.0337959594757002,0.481212614322308,0.000106046368283539,0.00106913219697713,-0.0414372873428898,0.80382205248503,0.996470134738779,0.27161888286514,0.0958952109323924,0.320934547472275,0.474327856058371,0.00199338790070409,0.00383911743839306,-0.00011645947795021,0.91549263481361,0.963852886263489,-0.250439535499265,0.348675593800371,0.638803860655965,0.271478590220942,0.54799326274005,0.984954128501621,0.33731104418839,0.0075039320536384,0.0210921333399566,0.326279069016161,0.0157196280397931,0.0478756525248864,0.337364964661188,0.0126396204307566,0.0453498768123194,-0.227936907258767,0.00740688906250836,0.0175071923295652,-0.00799768140371782,0.00532945869508493,0.034641481518052,0.191166097757756,0.26159571272114,0.0461695469937267,0.689514636534189,0.987019846950917,-0.115065484943091,0.243247499554598,0.649295331147515,-0.340942441443818,0.538444774132897,0.954144819440944
"TRBV10.2_TCRVB_027.1",0.306655054168938,0.108530597567509,0.148515554566065,0.425514985637424,0.0273452927929632,0.0408500672197897,-0.186520659955223,0.421389961243021,0.996470134738779,0.239362207327023,0.272274918401659,0.415187717888644,0.387377680066848,0.0557037315168146,0.0715208404660335,0.000260482198881378,0.850296861694168,0.963852886263489,-0.663868807574765,0.0767123324323566,0.638803860655965,0.230536171247286,0.715071985016296,0.984954128501621,0.314363068849492,0.0704417243934223,0.103604697857563,0.252656999699642,0.183853457329816,0.236058760028405,0.306341092086032,0.103631997474777,0.147990444407444,-0.273027642448353,0.0193075318105051,0.0346204018671125,-0.0080435042177073,0.0412912671616745,0.126302699553357,0.0276477252971681,0.0777125251596078,0.0736369293938959,0.626859182472888,0.987019846950917,0.0543880710303079,0.71965597146857,0.924002728799152,0.372154977142962,0.616362823723057,0.954144819440944
"TRBV6.1_TCRVB_011.1",0.290185582597129,0.0599882394752388,0.105741981447878,0.41882762217351,0.00323203897186913,0.00754966755398935,-0.0246252459089433,0.896150204193445,0.996470134738779,0.0969507136090937,0.58951991665189,0.702343294025464,0.513675436288079,0.00165999655331383,0.00331999310662767,0.000324453491033682,0.792582213839374,0.963852886263489,-0.28307567445794,0.360832767477753,0.638803860655965,-0.0550108542532001,0.916320894898436,0.984954128501621,0.288694603123326,0.0417642857959886,0.0678669644184814,0.263442298691256,0.0841941938888491,0.134710710222158,0.278316477945856,0.067781840954078,0.111893832686097,-0.410759580720257,2.36445356701217e-05,0.00122951585484633,-0.00887284437965922,0.00731439818190337,0.0447469065245853,0.00380429055771687,0.0302954855583415,0.0543849554875708,0.69654014755923,0.987019846950917,-0.15852704902566,0.183830763172818,0.615801918117267,-0.407182204070911,0.52384056400666,0.954144819440944
